--------------------------------------------------------
--  File created - Sunday-July-02-2017   
--------------------------------------------------------
-- USER SQL
CREATE USER shareit IDENTIFIED BY "shareit"  ;

-- QUOTAS

-- ROLES
GRANT "DATAPUMP_EXP_FULL_DATABASE" TO shareit WITH ADMIN OPTION;
GRANT "DBA" TO shareit WITH ADMIN OPTION;
GRANT "HS_ADMIN_EXECUTE_ROLE" TO shareit WITH ADMIN OPTION;
GRANT "ADM_PARALLEL_EXECUTE_TASK" TO shareit WITH ADMIN OPTION;
GRANT "CTXAPP" TO shareit WITH ADMIN OPTION;
GRANT "SELECT_CATALOG_ROLE" TO shareit WITH ADMIN OPTION;
GRANT "CONNECT" TO shareit WITH ADMIN OPTION;
GRANT "DATAPUMP_IMP_FULL_DATABASE" TO shareit WITH ADMIN OPTION;
GRANT "OEM_MONITOR" TO shareit WITH ADMIN OPTION;
GRANT "APEX_ADMINISTRATOR_ROLE" TO shareit WITH ADMIN OPTION;
GRANT "AQ_USER_ROLE" TO shareit WITH ADMIN OPTION;
GRANT "SCHEDULER_ADMIN" TO shareit WITH ADMIN OPTION;
GRANT "XDB_SET_INVOKER" TO shareit WITH ADMIN OPTION;
GRANT "RECOVERY_CATALOG_OWNER" TO shareit WITH ADMIN OPTION;
GRANT "DBFS_ROLE" TO shareit WITH ADMIN OPTION;
GRANT "XDB_WEBSERVICES_OVER_HTTP" TO shareit WITH ADMIN OPTION;
GRANT "HS_ADMIN_SELECT_ROLE" TO shareit WITH ADMIN OPTION;
GRANT "PLUSTRACE" TO shareit WITH ADMIN OPTION;
GRANT "RESOURCE" TO shareit WITH ADMIN OPTION;
GRANT "AQ_ADMINISTRATOR_ROLE" TO shareit WITH ADMIN OPTION;
GRANT "DELETE_CATALOG_ROLE" TO shareit WITH ADMIN OPTION;
GRANT "XDB_WEBSERVICES_WITH_PUBLIC" TO shareit WITH ADMIN OPTION;
GRANT "REGISTRYACCESS" TO shareit WITH ADMIN OPTION;
GRANT "XDB_WEBSERVICES" TO shareit WITH ADMIN OPTION;
GRANT "EXECUTE_CATALOG_ROLE" TO shareit WITH ADMIN OPTION;
GRANT "EXP_FULL_DATABASE" TO shareit WITH ADMIN OPTION;
GRANT "STBROLE" TO shareit WITH ADMIN OPTION;
GRANT "GATHER_SYSTEM_STATISTICS" TO shareit WITH ADMIN OPTION;
GRANT "LOGSTDBY_ADMINISTRATOR" TO shareit WITH ADMIN OPTION;
GRANT "AUTHENTICATEDUSER" TO shareit WITH ADMIN OPTION;
GRANT "OEM_ADVISOR" TO shareit WITH ADMIN OPTION;
GRANT "HS_ADMIN_ROLE" TO shareit WITH ADMIN OPTION;
GRANT "XDBADMIN" TO shareit WITH ADMIN OPTION;
GRANT "IMP_FULL_DATABASE" TO shareit WITH ADMIN OPTION;

-- SYSTEM PRIVILEGES
GRANT CREATE JOB TO shareit WITH ADMIN OPTION;
GRANT DROP ANY CONTEXT TO shareit WITH ADMIN OPTION;
GRANT UPDATE ANY CUBE TO shareit WITH ADMIN OPTION;
GRANT DROP ANY TRIGGER TO shareit WITH ADMIN OPTION;
GRANT MANAGE ANY FILE GROUP TO shareit WITH ADMIN OPTION;
GRANT ALTER PUBLIC DATABASE LINK TO shareit WITH ADMIN OPTION;
GRANT MANAGE FILE GROUP TO shareit WITH ADMIN OPTION;
GRANT ALTER ANY INDEX TO shareit WITH ADMIN OPTION;
GRANT DROP ANY SEQUENCE TO shareit WITH ADMIN OPTION;
GRANT ALTER PROFILE TO shareit WITH ADMIN OPTION;
GRANT UNDER ANY TABLE TO shareit WITH ADMIN OPTION;
GRANT CREATE ASSEMBLY TO shareit WITH ADMIN OPTION;
GRANT DROP ANY LIBRARY TO shareit WITH ADMIN OPTION;
GRANT ALTER ANY EDITION TO shareit WITH ADMIN OPTION;
GRANT CREATE ROLE TO shareit WITH ADMIN OPTION;
GRANT CREATE LIBRARY TO shareit WITH ADMIN OPTION;
GRANT DROP ROLLBACK SEGMENT TO shareit WITH ADMIN OPTION;
GRANT CREATE TRIGGER TO shareit WITH ADMIN OPTION;
GRANT ALTER ANY PROCEDURE TO shareit WITH ADMIN OPTION;
GRANT ADMINISTER DATABASE TRIGGER TO shareit WITH ADMIN OPTION;
GRANT DROP ANY MEASURE FOLDER TO shareit WITH ADMIN OPTION;
GRANT CREATE ANY PROCEDURE TO shareit WITH ADMIN OPTION;
GRANT ALTER ANY OUTLINE TO shareit WITH ADMIN OPTION;
GRANT EXECUTE ANY INDEXTYPE TO shareit WITH ADMIN OPTION;
GRANT CREATE ANY DIRECTORY TO shareit WITH ADMIN OPTION;
GRANT ALTER ANY RULE SET TO shareit WITH ADMIN OPTION;
GRANT ALTER ANY MINING MODEL TO shareit WITH ADMIN OPTION;
GRANT DEBUG CONNECT SESSION TO shareit WITH ADMIN OPTION;
GRANT CREATE ANY MINING MODEL TO shareit WITH ADMIN OPTION;
GRANT ALTER SESSION TO shareit WITH ADMIN OPTION;
GRANT CREATE MATERIALIZED VIEW TO shareit WITH ADMIN OPTION;
GRANT MERGE ANY VIEW TO shareit WITH ADMIN OPTION;
GRANT CREATE ANY INDEX TO shareit WITH ADMIN OPTION;
GRANT CREATE DIMENSION TO shareit WITH ADMIN OPTION;
GRANT EXECUTE ANY RULE SET TO shareit WITH ADMIN OPTION;
GRANT ALTER ANY MATERIALIZED VIEW TO shareit WITH ADMIN OPTION;
GRANT AUDIT SYSTEM TO shareit WITH ADMIN OPTION;
GRANT CREATE OPERATOR TO shareit WITH ADMIN OPTION;
GRANT MANAGE ANY QUEUE TO shareit WITH ADMIN OPTION;
GRANT ALTER ANY SQL PROFILE TO shareit WITH ADMIN OPTION;
GRANT GRANT ANY OBJECT PRIVILEGE TO shareit WITH ADMIN OPTION;
GRANT CREATE INDEXTYPE TO shareit WITH ADMIN OPTION;
GRANT AUDIT ANY TO shareit WITH ADMIN OPTION;
GRANT DEBUG ANY PROCEDURE TO shareit WITH ADMIN OPTION;
GRANT CREATE ANY MEASURE FOLDER TO shareit WITH ADMIN OPTION;
GRANT CREATE ANY SEQUENCE TO shareit WITH ADMIN OPTION;
GRANT CREATE MEASURE FOLDER TO shareit WITH ADMIN OPTION;
GRANT UPDATE ANY CUBE BUILD PROCESS TO shareit WITH ADMIN OPTION;
GRANT CREATE VIEW TO shareit WITH ADMIN OPTION;
GRANT ALTER DATABASE LINK TO shareit WITH ADMIN OPTION;
GRANT ALTER ANY ASSEMBLY TO shareit WITH ADMIN OPTION;
GRANT CREATE ANY EVALUATION CONTEXT TO shareit WITH ADMIN OPTION;
GRANT SELECT ANY MINING MODEL TO shareit WITH ADMIN OPTION;
GRANT DELETE ANY CUBE DIMENSION TO shareit WITH ADMIN OPTION;
GRANT ALTER ANY TABLE TO shareit WITH ADMIN OPTION;
GRANT CREATE SESSION TO shareit WITH ADMIN OPTION;
GRANT CREATE RULE TO shareit WITH ADMIN OPTION;
GRANT BECOME USER TO shareit WITH ADMIN OPTION;
GRANT SELECT ANY TABLE TO shareit WITH ADMIN OPTION;
GRANT INSERT ANY MEASURE FOLDER TO shareit WITH ADMIN OPTION;
GRANT CREATE ANY SQL PROFILE TO shareit WITH ADMIN OPTION;
GRANT FORCE ANY TRANSACTION TO shareit WITH ADMIN OPTION;
GRANT DELETE ANY TABLE TO shareit WITH ADMIN OPTION;
GRANT ALTER ANY SEQUENCE TO shareit WITH ADMIN OPTION;
GRANT SELECT ANY CUBE DIMENSION TO shareit WITH ADMIN OPTION;
GRANT CREATE ANY EDITION TO shareit WITH ADMIN OPTION;
GRANT CREATE EXTERNAL JOB TO shareit WITH ADMIN OPTION;
GRANT DROP ANY MATERIALIZED VIEW TO shareit WITH ADMIN OPTION;
GRANT CREATE ANY CUBE BUILD PROCESS TO shareit WITH ADMIN OPTION;
GRANT FLASHBACK ANY TABLE TO shareit WITH ADMIN OPTION;
GRANT DROP ANY RULE SET TO shareit WITH ADMIN OPTION;
GRANT BACKUP ANY TABLE TO shareit WITH ADMIN OPTION;
GRANT ALTER ANY CUBE TO shareit WITH ADMIN OPTION;
GRANT CREATE TABLE TO shareit WITH ADMIN OPTION;
GRANT EXECUTE ANY LIBRARY TO shareit WITH ADMIN OPTION;
GRANT DROP ANY OUTLINE TO shareit WITH ADMIN OPTION;
GRANT EXECUTE ASSEMBLY TO shareit WITH ADMIN OPTION;
GRANT CREATE ANY DIMENSION TO shareit WITH ADMIN OPTION;
GRANT DROP ANY TABLE TO shareit WITH ADMIN OPTION;
GRANT ALTER ANY CLUSTER TO shareit WITH ADMIN OPTION;
GRANT EXECUTE ANY CLASS TO shareit WITH ADMIN OPTION;
GRANT DROP ANY DIMENSION TO shareit WITH ADMIN OPTION;
GRANT CREATE ANY RULE SET TO shareit WITH ADMIN OPTION;
GRANT SELECT ANY SEQUENCE TO shareit WITH ADMIN OPTION;
GRANT UNDER ANY TYPE TO shareit WITH ADMIN OPTION;
GRANT MANAGE TABLESPACE TO shareit WITH ADMIN OPTION;
GRANT DROP ANY OPERATOR TO shareit WITH ADMIN OPTION;
GRANT CREATE ANY OPERATOR TO shareit WITH ADMIN OPTION;
GRANT EXEMPT IDENTITY POLICY TO shareit WITH ADMIN OPTION;
GRANT CREATE TYPE TO shareit WITH ADMIN OPTION;
GRANT CREATE TABLESPACE TO shareit WITH ADMIN OPTION;
GRANT SELECT ANY TRANSACTION TO shareit WITH ADMIN OPTION;
GRANT DELETE ANY MEASURE FOLDER TO shareit WITH ADMIN OPTION;
GRANT CREATE ANY CUBE TO shareit WITH ADMIN OPTION;
GRANT LOCK ANY TABLE TO shareit WITH ADMIN OPTION;
GRANT CREATE EVALUATION CONTEXT TO shareit WITH ADMIN OPTION;
GRANT DROP ANY TYPE TO shareit WITH ADMIN OPTION;
GRANT ADVISOR TO shareit WITH ADMIN OPTION;
GRANT CREATE PUBLIC DATABASE LINK TO shareit WITH ADMIN OPTION;
GRANT ANALYZE ANY TO shareit WITH ADMIN OPTION;
GRANT DROP ANY RULE TO shareit WITH ADMIN OPTION;
GRANT INSERT ANY CUBE DIMENSION TO shareit WITH ADMIN OPTION;
GRANT CREATE ROLLBACK SEGMENT TO shareit WITH ADMIN OPTION;
GRANT CREATE ANY JOB TO shareit WITH ADMIN OPTION;
GRANT ALTER USER TO shareit WITH ADMIN OPTION;
GRANT QUERY REWRITE TO shareit WITH ADMIN OPTION;
GRANT SELECT ANY DICTIONARY TO shareit WITH ADMIN OPTION;
GRANT CREATE PUBLIC SYNONYM TO shareit WITH ADMIN OPTION;
GRANT GLOBAL QUERY REWRITE TO shareit WITH ADMIN OPTION;
GRANT ALTER ANY CUBE DIMENSION TO shareit WITH ADMIN OPTION;
GRANT CREATE ANY CUBE DIMENSION TO shareit WITH ADMIN OPTION;
GRANT DROP ANY CLUSTER TO shareit WITH ADMIN OPTION;
GRANT CREATE ANY RULE TO shareit WITH ADMIN OPTION;
GRANT UPDATE ANY CUBE DIMENSION TO shareit WITH ADMIN OPTION;
GRANT SYSDBA TO shareit WITH ADMIN OPTION;
GRANT ADMINISTER RESOURCE MANAGER TO shareit WITH ADMIN OPTION;
GRANT CREATE ANY SYNONYM TO shareit WITH ADMIN OPTION;
GRANT DROP ANY SYNONYM TO shareit WITH ADMIN OPTION;
GRANT DROP ANY MINING MODEL TO shareit WITH ADMIN OPTION;
GRANT EXECUTE ANY PROCEDURE TO shareit WITH ADMIN OPTION;
GRANT CREATE SYNONYM TO shareit WITH ADMIN OPTION;
GRANT EXECUTE ANY PROGRAM TO shareit WITH ADMIN OPTION;
GRANT EXECUTE ANY TYPE TO shareit WITH ADMIN OPTION;
GRANT ON COMMIT REFRESH TO shareit WITH ADMIN OPTION;
GRANT CREATE SEQUENCE TO shareit WITH ADMIN OPTION;
GRANT COMMENT ANY MINING MODEL TO shareit WITH ADMIN OPTION;
GRANT ADMINISTER SQL TUNING SET TO shareit WITH ADMIN OPTION;
GRANT SYSOPER TO shareit WITH ADMIN OPTION;
GRANT CREATE ANY INDEXTYPE TO shareit WITH ADMIN OPTION;
GRANT DROP ANY INDEX TO shareit WITH ADMIN OPTION;
GRANT RESTRICTED SESSION TO shareit WITH ADMIN OPTION;
GRANT DEQUEUE ANY QUEUE TO shareit WITH ADMIN OPTION;
GRANT ANALYZE ANY DICTIONARY TO shareit WITH ADMIN OPTION;
GRANT ALTER ANY INDEXTYPE TO shareit WITH ADMIN OPTION;
GRANT ADMINISTER ANY SQL TUNING SET TO shareit WITH ADMIN OPTION;
GRANT CREATE USER TO shareit WITH ADMIN OPTION;
GRANT EXECUTE ANY OPERATOR TO shareit WITH ADMIN OPTION;
GRANT CREATE CUBE BUILD PROCESS TO shareit WITH ADMIN OPTION;
GRANT CREATE PROFILE TO shareit WITH ADMIN OPTION;
GRANT ALTER ANY ROLE TO shareit WITH ADMIN OPTION;
GRANT UPDATE ANY TABLE TO shareit WITH ADMIN OPTION;
GRANT ALTER ANY LIBRARY TO shareit WITH ADMIN OPTION;
GRANT DROP ANY VIEW TO shareit WITH ADMIN OPTION;
GRANT CREATE ANY CLUSTER TO shareit WITH ADMIN OPTION;
GRANT EXECUTE ANY RULE TO shareit WITH ADMIN OPTION;
GRANT ALTER TABLESPACE TO shareit WITH ADMIN OPTION;
GRANT UNDER ANY VIEW TO shareit WITH ADMIN OPTION;
GRANT EXECUTE ANY ASSEMBLY TO shareit WITH ADMIN OPTION;
GRANT GRANT ANY PRIVILEGE TO shareit WITH ADMIN OPTION;
GRANT ALTER ANY TRIGGER TO shareit WITH ADMIN OPTION;
GRANT CREATE ANY VIEW TO shareit WITH ADMIN OPTION;
GRANT EXPORT FULL DATABASE TO shareit WITH ADMIN OPTION;
GRANT ALTER ANY EVALUATION CONTEXT TO shareit WITH ADMIN OPTION;
GRANT FLASHBACK ARCHIVE ADMINISTER TO shareit WITH ADMIN OPTION;
GRANT IMPORT FULL DATABASE TO shareit WITH ADMIN OPTION;
GRANT CREATE ANY OUTLINE TO shareit WITH ADMIN OPTION;
GRANT COMMENT ANY TABLE TO shareit WITH ADMIN OPTION;
GRANT CREATE DATABASE LINK TO shareit WITH ADMIN OPTION;
GRANT DROP PUBLIC SYNONYM TO shareit WITH ADMIN OPTION;
GRANT DROP USER TO shareit WITH ADMIN OPTION;
GRANT CHANGE NOTIFICATION TO shareit WITH ADMIN OPTION;
GRANT CREATE MINING MODEL TO shareit WITH ADMIN OPTION;
GRANT INSERT ANY TABLE TO shareit WITH ADMIN OPTION;
GRANT DROP PROFILE TO shareit WITH ADMIN OPTION;
GRANT CREATE ANY MATERIALIZED VIEW TO shareit WITH ADMIN OPTION;
GRANT CREATE RULE SET TO shareit WITH ADMIN OPTION;
GRANT EXEMPT ACCESS POLICY TO shareit WITH ADMIN OPTION;
GRANT MANAGE SCHEDULER TO shareit WITH ADMIN OPTION;
GRANT READ ANY FILE GROUP TO shareit WITH ADMIN OPTION;
GRANT FORCE TRANSACTION TO shareit WITH ADMIN OPTION;
GRANT DROP ANY CUBE BUILD PROCESS TO shareit WITH ADMIN OPTION;
GRANT ALTER ANY TYPE TO shareit WITH ADMIN OPTION;
GRANT DROP ANY PROCEDURE TO shareit WITH ADMIN OPTION;
GRANT DROP PUBLIC DATABASE LINK TO shareit WITH ADMIN OPTION;
GRANT DROP ANY INDEXTYPE TO shareit WITH ADMIN OPTION;
GRANT DROP ANY SQL PROFILE TO shareit WITH ADMIN OPTION;
GRANT ALTER SYSTEM TO shareit WITH ADMIN OPTION;
GRANT UNLIMITED TABLESPACE TO shareit WITH ADMIN OPTION;
GRANT DROP ANY ROLE TO shareit WITH ADMIN OPTION;
GRANT ALTER ANY DIMENSION TO shareit WITH ADMIN OPTION;
GRANT DROP ANY CUBE DIMENSION TO shareit WITH ADMIN OPTION;
GRANT DROP ANY CUBE TO shareit WITH ADMIN OPTION;
GRANT CREATE ANY TRIGGER TO shareit WITH ADMIN OPTION;
GRANT DROP ANY ASSEMBLY TO shareit WITH ADMIN OPTION;
GRANT CREATE ANY TABLE TO shareit WITH ADMIN OPTION;
GRANT ADMINISTER SQL MANAGEMENT OBJECT TO shareit WITH ADMIN OPTION;
GRANT DROP ANY DIRECTORY TO shareit WITH ADMIN OPTION;
GRANT ENQUEUE ANY QUEUE TO shareit WITH ADMIN OPTION;
GRANT DROP ANY EVALUATION CONTEXT TO shareit WITH ADMIN OPTION;
GRANT CREATE ANY ASSEMBLY TO shareit WITH ADMIN OPTION;
GRANT CREATE ANY TYPE TO shareit WITH ADMIN OPTION;
GRANT CREATE CLUSTER TO shareit WITH ADMIN OPTION;
GRANT CREATE ANY CONTEXT TO shareit WITH ADMIN OPTION;
GRANT EXECUTE ANY EVALUATION CONTEXT TO shareit WITH ADMIN OPTION;
GRANT RESUMABLE TO shareit WITH ADMIN OPTION;
GRANT CREATE ANY LIBRARY TO shareit WITH ADMIN OPTION;
GRANT DROP ANY EDITION TO shareit WITH ADMIN OPTION;
GRANT CREATE PROCEDURE TO shareit WITH ADMIN OPTION;
GRANT ALTER DATABASE TO shareit WITH ADMIN OPTION;
GRANT SELECT ANY CUBE TO shareit WITH ADMIN OPTION;
GRANT GRANT ANY ROLE TO shareit WITH ADMIN OPTION;
GRANT ALTER ANY RULE TO shareit WITH ADMIN OPTION;
GRANT CREATE CUBE DIMENSION TO shareit WITH ADMIN OPTION;
GRANT ALTER ANY OPERATOR TO shareit WITH ADMIN OPTION;
GRANT CREATE CUBE TO shareit WITH ADMIN OPTION;
GRANT ALTER RESOURCE COST TO shareit WITH ADMIN OPTION;
GRANT DROP TABLESPACE TO shareit WITH ADMIN OPTION;
GRANT ALTER ROLLBACK SEGMENT TO shareit WITH ADMIN OPTION;

--------------------------------------------------------
--  DDL for Table T_ACTIVITY
--------------------------------------------------------

  CREATE TABLE "SHAREIT"."T_ACTIVITY" 
   (	"ID" NUMBER, 
	"ITEM" NUMBER, 
	"FROM_USER" NUMBER, 
	"TO_USER" NUMBER, 
	"MEETING_POINT" VARCHAR2(200 BYTE), 
	"STATUS" NUMBER, 
	"TIME_FROM" TIMESTAMP (6), 
	"TIME_TO" TIMESTAMP (6), 
	"ACTIVITY_DELETED" NUMBER(1,0)
   ) SEGMENT CREATION IMMEDIATE 
  PCTFREE 10 PCTUSED 40 INITRANS 1 MAXTRANS 255 NOCOMPRESS LOGGING
  STORAGE(INITIAL 65536 NEXT 1048576 MINEXTENTS 1 MAXEXTENTS 2147483645
  PCTINCREASE 0 FREELISTS 1 FREELIST GROUPS 1 BUFFER_POOL DEFAULT FLASH_CACHE DEFAULT CELL_FLASH_CACHE DEFAULT)
  TABLESPACE "SYSTEM" ;
--------------------------------------------------------
--  DDL for Table T_ADDRESS
--------------------------------------------------------

  CREATE TABLE "SHAREIT"."T_ADDRESS" 
   (	"ID" NUMBER, 
	"COUNTRY" NUMBER, 
	"CITY" NUMBER, 
	"STATE" NUMBER
   ) SEGMENT CREATION IMMEDIATE 
  PCTFREE 10 PCTUSED 40 INITRANS 1 MAXTRANS 255 NOCOMPRESS LOGGING
  STORAGE(INITIAL 65536 NEXT 1048576 MINEXTENTS 1 MAXEXTENTS 2147483645
  PCTINCREASE 0 FREELISTS 1 FREELIST GROUPS 1 BUFFER_POOL DEFAULT FLASH_CACHE DEFAULT CELL_FLASH_CACHE DEFAULT)
  TABLESPACE "SYSTEM" ;
--------------------------------------------------------
--  DDL for Table T_BORROW_STATE
--------------------------------------------------------

  CREATE TABLE "SHAREIT"."T_BORROW_STATE" 
   (	"ID" NUMBER, 
	"ACTIVITY" NUMBER, 
	"IS_BACK" NUMBER
   ) SEGMENT CREATION IMMEDIATE 
  PCTFREE 10 PCTUSED 40 INITRANS 1 MAXTRANS 255 NOCOMPRESS LOGGING
  STORAGE(INITIAL 65536 NEXT 1048576 MINEXTENTS 1 MAXEXTENTS 2147483645
  PCTINCREASE 0 FREELISTS 1 FREELIST GROUPS 1 BUFFER_POOL DEFAULT FLASH_CACHE DEFAULT CELL_FLASH_CACHE DEFAULT)
  TABLESPACE "SYSTEM" ;
--------------------------------------------------------
--  DDL for Table T_CATEGORY
--------------------------------------------------------

  CREATE TABLE "SHAREIT"."T_CATEGORY" 
   (	"ID" NUMBER, 
	"NAME" VARCHAR2(200 BYTE), 
	"MAX_POINTS" NUMBER
   ) SEGMENT CREATION IMMEDIATE 
  PCTFREE 10 PCTUSED 40 INITRANS 1 MAXTRANS 255 NOCOMPRESS LOGGING
  STORAGE(INITIAL 65536 NEXT 1048576 MINEXTENTS 1 MAXEXTENTS 2147483645
  PCTINCREASE 0 FREELISTS 1 FREELIST GROUPS 1 BUFFER_POOL DEFAULT FLASH_CACHE DEFAULT CELL_FLASH_CACHE DEFAULT)
  TABLESPACE "SYSTEM" ;
--------------------------------------------------------
--  DDL for Table T_CITY
--------------------------------------------------------

  CREATE TABLE "SHAREIT"."T_CITY" 
   (	"ID" NUMBER, 
	"CITY" VARCHAR2(20 BYTE)
   ) SEGMENT CREATION IMMEDIATE 
  PCTFREE 10 PCTUSED 40 INITRANS 1 MAXTRANS 255 NOCOMPRESS LOGGING
  STORAGE(INITIAL 65536 NEXT 1048576 MINEXTENTS 1 MAXEXTENTS 2147483645
  PCTINCREASE 0 FREELISTS 1 FREELIST GROUPS 1 BUFFER_POOL DEFAULT FLASH_CACHE DEFAULT CELL_FLASH_CACHE DEFAULT)
  TABLESPACE "SYSTEM" ;
--------------------------------------------------------
--  DDL for Table T_COUNTRY
--------------------------------------------------------

  CREATE TABLE "SHAREIT"."T_COUNTRY" 
   (	"ID" NUMBER, 
	"COUNTRY" VARCHAR2(20 BYTE)
   ) SEGMENT CREATION IMMEDIATE 
  PCTFREE 10 PCTUSED 40 INITRANS 1 MAXTRANS 255 NOCOMPRESS LOGGING
  STORAGE(INITIAL 65536 NEXT 1048576 MINEXTENTS 1 MAXEXTENTS 2147483645
  PCTINCREASE 0 FREELISTS 1 FREELIST GROUPS 1 BUFFER_POOL DEFAULT FLASH_CACHE DEFAULT CELL_FLASH_CACHE DEFAULT)
  TABLESPACE "SYSTEM" ;
--------------------------------------------------------
--  DDL for Table T_GENDER
--------------------------------------------------------

  CREATE TABLE "SHAREIT"."T_GENDER" 
   (	"ID" NUMBER, 
	"GENDER" VARCHAR2(20 BYTE)
   ) SEGMENT CREATION IMMEDIATE 
  PCTFREE 10 PCTUSED 40 INITRANS 1 MAXTRANS 255 NOCOMPRESS LOGGING
  STORAGE(INITIAL 65536 NEXT 1048576 MINEXTENTS 1 MAXEXTENTS 2147483645
  PCTINCREASE 0 FREELISTS 1 FREELIST GROUPS 1 BUFFER_POOL DEFAULT FLASH_CACHE DEFAULT CELL_FLASH_CACHE DEFAULT)
  TABLESPACE "SYSTEM" ;
--------------------------------------------------------
--  DDL for Table T_ITEM
--------------------------------------------------------

  CREATE TABLE "SHAREIT"."T_ITEM" 
   (	"ID" NUMBER, 
	"NAME" VARCHAR2(200 BYTE), 
	"DESCRIPTION" VARCHAR2(1000 BYTE), 
	"CATEGORY" NUMBER, 
	"IS_AVAILABLE" NUMBER(1,0), 
	"PUBLISH_DATE" TIMESTAMP (6), 
	"POINTS" NUMBER, 
	"IMAGE_URL" VARCHAR2(500 BYTE), 
	"USER_FROM" NUMBER, 
	"TAGS" VARCHAR2(200 BYTE)
   ) SEGMENT CREATION IMMEDIATE 
  PCTFREE 10 PCTUSED 40 INITRANS 1 MAXTRANS 255 NOCOMPRESS LOGGING
  STORAGE(INITIAL 65536 NEXT 1048576 MINEXTENTS 1 MAXEXTENTS 2147483645
  PCTINCREASE 0 FREELISTS 1 FREELIST GROUPS 1 BUFFER_POOL DEFAULT FLASH_CACHE DEFAULT CELL_FLASH_CACHE DEFAULT)
  TABLESPACE "SYSTEM" ;
--------------------------------------------------------
--  DDL for Table T_NOTIFICATION
--------------------------------------------------------

  CREATE TABLE "SHAREIT"."T_NOTIFICATION" 
   (	"ID" NUMBER, 
	"ITEM" NUMBER, 
	"FROM_USER" NUMBER, 
	"TO_USER" NUMBER, 
	"POINTS_DEDUCTED" NUMBER, 
	"MEETING_POINT" VARCHAR2(50 BYTE), 
	"DAYS" NUMBER, 
	"SEEN" NUMBER
   ) SEGMENT CREATION IMMEDIATE 
  PCTFREE 10 PCTUSED 40 INITRANS 1 MAXTRANS 255 NOCOMPRESS LOGGING
  STORAGE(INITIAL 65536 NEXT 1048576 MINEXTENTS 1 MAXEXTENTS 2147483645
  PCTINCREASE 0 FREELISTS 1 FREELIST GROUPS 1 BUFFER_POOL DEFAULT FLASH_CACHE DEFAULT CELL_FLASH_CACHE DEFAULT)
  TABLESPACE "SYSTEM" ;
--------------------------------------------------------
--  DDL for Table T_STATE
--------------------------------------------------------

  CREATE TABLE "SHAREIT"."T_STATE" 
   (	"ID" NUMBER, 
	"STATE" VARCHAR2(20 BYTE)
   ) SEGMENT CREATION IMMEDIATE 
  PCTFREE 10 PCTUSED 40 INITRANS 1 MAXTRANS 255 NOCOMPRESS LOGGING
  STORAGE(INITIAL 65536 NEXT 1048576 MINEXTENTS 1 MAXEXTENTS 2147483645
  PCTINCREASE 0 FREELISTS 1 FREELIST GROUPS 1 BUFFER_POOL DEFAULT FLASH_CACHE DEFAULT CELL_FLASH_CACHE DEFAULT)
  TABLESPACE "SYSTEM" ;
--------------------------------------------------------
--  DDL for Table T_STATUS
--------------------------------------------------------

  CREATE TABLE "SHAREIT"."T_STATUS" 
   (	"ID" NUMBER, 
	"STATUS" VARCHAR2(20 BYTE)
   ) SEGMENT CREATION IMMEDIATE 
  PCTFREE 10 PCTUSED 40 INITRANS 1 MAXTRANS 255 NOCOMPRESS LOGGING
  STORAGE(INITIAL 65536 NEXT 1048576 MINEXTENTS 1 MAXEXTENTS 2147483645
  PCTINCREASE 0 FREELISTS 1 FREELIST GROUPS 1 BUFFER_POOL DEFAULT FLASH_CACHE DEFAULT CELL_FLASH_CACHE DEFAULT)
  TABLESPACE "SYSTEM" ;
--------------------------------------------------------
--  DDL for Table T_USER
--------------------------------------------------------

  CREATE TABLE "SHAREIT"."T_USER" 
   (	"ID" NUMBER, 
	"USERNAME" VARCHAR2(20 BYTE), 
	"EMAIL" VARCHAR2(100 BYTE), 
	"PASSWORD" VARCHAR2(100 BYTE), 
	"IMAGE_URL" VARCHAR2(500 BYTE), 
	"POINTS" NUMBER, 
	"GENDER" NUMBER, 
	"ADDRESS" NUMBER
   ) SEGMENT CREATION IMMEDIATE 
  PCTFREE 10 PCTUSED 40 INITRANS 1 MAXTRANS 255 NOCOMPRESS LOGGING
  STORAGE(INITIAL 65536 NEXT 1048576 MINEXTENTS 1 MAXEXTENTS 2147483645
  PCTINCREASE 0 FREELISTS 1 FREELIST GROUPS 1 BUFFER_POOL DEFAULT FLASH_CACHE DEFAULT CELL_FLASH_CACHE DEFAULT)
  TABLESPACE "SYSTEM" ;
--------------------------------------------------------
--  DDL for Sequence T_ACTIVITY_SEQ
--------------------------------------------------------

   CREATE SEQUENCE  "SHAREIT"."T_ACTIVITY_SEQ"  MINVALUE 0 MAXVALUE 9999999999999999999999999999 INCREMENT BY 1 START WITH 0 CACHE 20 NOORDER  NOCYCLE ;
--------------------------------------------------------
--  DDL for Sequence T_ADDRESS_SEQ
--------------------------------------------------------

   CREATE SEQUENCE  "SHAREIT"."T_ADDRESS_SEQ"  MINVALUE 1 MAXVALUE 9999999999999999999999999999 INCREMENT BY 1 START WITH 1 CACHE 20 NOORDER  NOCYCLE ;
--------------------------------------------------------
--  DDL for Sequence T_BORROW_STATE_SEQ
--------------------------------------------------------

   CREATE SEQUENCE  "SHAREIT"."T_BORROW_STATE_SEQ"  MINVALUE 1 MAXVALUE 9999999999999999999999999999 INCREMENT BY 1 START WITH 1 CACHE 20 NOORDER  NOCYCLE ;
--------------------------------------------------------
--  DDL for Sequence T_CATEGORY_SEQ
--------------------------------------------------------

   CREATE SEQUENCE  "SHAREIT"."T_CATEGORY_SEQ"  MINVALUE 1 MAXVALUE 9999999999999999999999999999 INCREMENT BY 1 START WITH 1 CACHE 20 NOORDER  NOCYCLE ;
--------------------------------------------------------
--  DDL for Sequence T_CITY_SEQ
--------------------------------------------------------

   CREATE SEQUENCE  "SHAREIT"."T_CITY_SEQ"  MINVALUE 1 MAXVALUE 9999999999999999999999999999 INCREMENT BY 1 START WITH 1 CACHE 20 NOORDER  NOCYCLE ;
--------------------------------------------------------
--  DDL for Sequence T_COUNTRY_SEQ
--------------------------------------------------------

   CREATE SEQUENCE  "SHAREIT"."T_COUNTRY_SEQ"  MINVALUE 1 MAXVALUE 9999999999999999999999999999 INCREMENT BY 1 START WITH 1 CACHE 20 NOORDER  NOCYCLE ;
--------------------------------------------------------
--  DDL for Sequence T_GENDER_SEQ
--------------------------------------------------------

   CREATE SEQUENCE  "SHAREIT"."T_GENDER_SEQ"  MINVALUE 1 MAXVALUE 9999999999999999999999999999 INCREMENT BY 1 START WITH 1 CACHE 20 NOORDER  NOCYCLE ;
--------------------------------------------------------
--  DDL for Sequence T_ITEM_SEQ
--------------------------------------------------------

   CREATE SEQUENCE  "SHAREIT"."T_ITEM_SEQ"  MINVALUE 1 MAXVALUE 9999999999999999999999999999 INCREMENT BY 1 START WITH 21 CACHE 20 NOORDER  NOCYCLE ;
--------------------------------------------------------
--  DDL for Sequence T_NOTIFICATION_SEQ
--------------------------------------------------------

   CREATE SEQUENCE  "SHAREIT"."T_NOTIFICATION_SEQ"  MINVALUE 1 MAXVALUE 9999999999999999999999999999 INCREMENT BY 1 START WITH 1 CACHE 20 ORDER  NOCYCLE ;
--------------------------------------------------------
--  DDL for Sequence T_STATE_SEQ
--------------------------------------------------------

   CREATE SEQUENCE  "SHAREIT"."T_STATE_SEQ"  MINVALUE 1 MAXVALUE 9999999999999999999999999999 INCREMENT BY 1 START WITH 1 CACHE 20 NOORDER  NOCYCLE ;
--------------------------------------------------------
--  DDL for Sequence T_STATUS_SEQ
--------------------------------------------------------

   CREATE SEQUENCE  "SHAREIT"."T_STATUS_SEQ"  MINVALUE 1 MAXVALUE 9999999999999999999999999999 INCREMENT BY 1 START WITH 1 CACHE 20 NOORDER  NOCYCLE ;
--------------------------------------------------------
--  DDL for Sequence T_USER_SEQ
--------------------------------------------------------

   CREATE SEQUENCE  "SHAREIT"."T_USER_SEQ"  MINVALUE 1 MAXVALUE 9999999999999999999999999999 INCREMENT BY 1 START WITH 1 CACHE 20 NOORDER  NOCYCLE ;
--------------------------------------------------------
--  Inserting Data
--------------------------------------------------------
REM INSERTING into SHAREIT.T_STATE
SET DEFINE OFF;
Insert into SHAREIT.T_STATE (ID,STATE) values (1,'NewYork');
Insert into SHAREIT.T_STATE (ID,STATE) values (2,'NoState');
REM INSERTING into SHAREIT.T_CITY
SET DEFINE OFF;
Insert into SHAREIT.T_CITY (ID,CITY) values (1,'Cairo');
Insert into SHAREIT.T_CITY (ID,CITY) values (2,'Giza');
Insert into SHAREIT.T_CITY (ID,CITY) values (3,'Alex');
Insert into SHAREIT.T_CITY (ID,CITY) values (4,'Buffalo');
REM INSERTING into SHAREIT.T_COUNTRY
SET DEFINE OFF;
Insert into SHAREIT.T_COUNTRY (ID,COUNTRY) values (1,'Egypt');
Insert into SHAREIT.T_COUNTRY (ID,COUNTRY) values (2,'USA');
REM INSERTING into SHAREIT.T_ADDRESS
SET DEFINE OFF;
Insert into SHAREIT.T_ADDRESS (ID,COUNTRY,CITY,STATE) values (1,1,1,2);
Insert into SHAREIT.T_ADDRESS (ID,COUNTRY,CITY,STATE) values (2,1,2,2);
Insert into SHAREIT.T_ADDRESS (ID,COUNTRY,CITY,STATE) values (3,1,3,2);
Insert into SHAREIT.T_ADDRESS (ID,COUNTRY,CITY,STATE) values (4,2,4,1);
REM INSERTING into SHAREIT.T_GENDER
SET DEFINE OFF;
Insert into SHAREIT.T_GENDER (ID,GENDER) values (1,'male');
Insert into SHAREIT.T_GENDER (ID,GENDER) values (21,'female');
REM INSERTING into SHAREIT.T_USER
SET DEFINE OFF;
Insert into T_USER (ID,USERNAME,EMAIL,PASSWORD,IMAGE_URL,POINTS,GENDER,ADDRESS) values (61,'Share It','shareit@shareit.com','bda01d81c4525edb7cd0ed3570c78de5','\shareit\images\userProfile\logo.png',1000,1,2);
REM INSERTING into SHAREIT.T_CATEGORY
SET DEFINE OFF;
Insert into SHAREIT.T_CATEGORY (ID,NAME,MAX_POINTS) values (63,'Kids & baby',200);
Insert into SHAREIT.T_CATEGORY (ID,NAME,MAX_POINTS) values (64,'Electronincs',1000);
Insert into SHAREIT.T_CATEGORY (ID,NAME,MAX_POINTS) values (62,'Home & Appliances',2000);
Insert into SHAREIT.T_CATEGORY (ID,NAME,MAX_POINTS) values (65,'Office & Education',100);
Insert into SHAREIT.T_CATEGORY (ID,NAME,MAX_POINTS) values (66,'Sports & Outdoors',300);
Insert into SHAREIT.T_CATEGORY (ID,NAME,MAX_POINTS) values (67,'Others',100000);
REM INSERTING into SHAREIT.T_ITEM
SET DEFINE OFF;
Insert into SHAREIT.T_ITEM (ID,NAME,DESCRIPTION,CATEGORY,IS_AVAILABLE,PUBLISH_DATE,POINTS,IMAGE_URL,USER_FROM,TAGS) values (21,'Small decorative lamp',' Blown glass lamp from Ikea  *Only for decoration - not enough light for reading purposes.',62,1,to_timestamp('20-JUN-17 10.34.41.767000000 AM','DD-MON-RR HH.MI.SSXFF AM'),20,'\shareit\images\sharedItems\decorativeLamp.jpg',61,'home,decoration,good_condition');
Insert into SHAREIT.T_ITEM (ID,NAME,DESCRIPTION,CATEGORY,IS_AVAILABLE,PUBLISH_DATE,POINTS,IMAGE_URL,USER_FROM,TAGS) values (32,'Hamilton Beach Blender','Some product features pasted below:  HMB1275 Features: Blender Stainless steel material Sure rest jar base Extra large 56 ounce jar 10 Speed blender  Specifications: 400 watt motor  Dimensions: Overall dimensions: 10.25'''' H x 12.5'''' W x 7.8'''' D',62,1,to_timestamp('20-JUN-17 11.43.10.731000000 AM','DD-MON-RR HH.MI.SSXFF AM'),45,'\shareit\images\sharedItems\beachBlender.jpg',61,'home,good_condition');
Insert into SHAREIT.T_ITEM (ID,NAME,DESCRIPTION,CATEGORY,IS_AVAILABLE,PUBLISH_DATE,POINTS,IMAGE_URL,USER_FROM,TAGS) values (22,'folding table & chairs ','5 chairs and one 6 foot folding table are at your disposal. Great if your dinner party is getting more guests than you expected.',62,1,to_timestamp('20-JUN-17 10.41.46.024000000 AM','DD-MON-RR HH.MI.SSXFF AM'),90,'\shareit\images\sharedItems\foldingChairTables.jpg',61,'home');
Insert into SHAREIT.T_ITEM (ID,NAME,DESCRIPTION,CATEGORY,IS_AVAILABLE,PUBLISH_DATE,POINTS,IMAGE_URL,USER_FROM,TAGS) values (33,'belgian waffle maker','Belgian waffle maker in good condition.',62,0,to_timestamp('20-JUN-17 11.44.41.259000000 AM','DD-MON-RR HH.MI.SSXFF AM'),40,'\shareit\images\sharedItems\waffleMaker.jpg',61,'home,kitchen,good_condition');
Insert into SHAREIT.T_ITEM (ID,NAME,DESCRIPTION,CATEGORY,IS_AVAILABLE,PUBLISH_DATE,POINTS,IMAGE_URL,USER_FROM,TAGS) values (34,'4-Slice Toaster Oven','Black & Decker TRO480BS Toast-R-Oven 4-Slice Toaster Oven  Excellent condition, used only a few times.  * Large-capacity 1200-watt 4-slice toaster oven * Bake, broil, bagel, toast, and keep-warm functions * Adjustable temperature up to 450 degrees F * 30-minute timer; slide-out crumb tray; baking pan included * Measures approximately 10 by 8.5 by 16 inches',62,1,to_timestamp('20-JUN-17 11.47.09.825000000 AM','DD-MON-RR HH.MI.SSXFF AM'),100,'\shareit\images\sharedItems\toasterOven.jpg',61,'excellent_condition,home,kitchen,prize');
Insert into SHAREIT.T_ITEM (ID,NAME,DESCRIPTION,CATEGORY,IS_AVAILABLE,PUBLISH_DATE,POINTS,IMAGE_URL,USER_FROM,TAGS) values (35,'food processor','large KitchenAid food processor in very good condition with all the attachments',62,1,to_timestamp('20-JUN-17 11.50.03.654000000 AM','DD-MON-RR HH.MI.SSXFF AM'),200,'\shareit\images\sharedItems\foodProcessor.jpg',61,'kitchen,home,new_condition,food');
Insert into SHAREIT.T_ITEM (ID,NAME,DESCRIPTION,CATEGORY,IS_AVAILABLE,PUBLISH_DATE,POINTS,IMAGE_URL,USER_FROM,TAGS) values (36,' Portable Electric Stove','This is the stove I normally use, but I don''t cook often, so it is generally used only once every couple weeks.  * 2 large coil tubular burners: one 1000 watts, 400 watts * Powerful heating elements * Dual power indicator lights * Fully-adjustable temperature control settings * Chrome drip pans',62,1,to_timestamp('20-JUN-17 11.52.35.308000000 AM','DD-MON-RR HH.MI.SSXFF AM'),33,'\shareit\images\sharedItems\portableStove.jpg',61,'stove,kitchen,portable,very_good_condition');
Insert into SHAREIT.T_ITEM (ID,NAME,DESCRIPTION,CATEGORY,IS_AVAILABLE,PUBLISH_DATE,POINTS,IMAGE_URL,USER_FROM,TAGS) values (37,'Portable Gas Stove','* CSA (US & Canadian Standards Association) Approved * Good for use in camping and emergencies * Built-in push-button piezo-electric starter - no matches, lighter or batteries needed * Produces generous flame from standard 8 oz Butane canister; automatic canister level indicator * Safety shut-off system',62,1,to_timestamp('20-JUN-17 11.55.15.257000000 AM','DD-MON-RR HH.MI.SSXFF AM'),28,'\shareit\images\sharedItems\gasStove.jpg',61,'home,kitchen,gas');
Insert into SHAREIT.T_ITEM (ID,NAME,DESCRIPTION,CATEGORY,IS_AVAILABLE,PUBLISH_DATE,POINTS,IMAGE_URL,USER_FROM,TAGS) values (38,'Folding Chairs (Dark Wood) ','Product dimensions Width: 17 3/8 " Depth: 20 1/8 " Height: 30 3/8 " Seat width: 15 " Seat depth: 13 " Seat height: 18 1/8 "',62,1,to_timestamp('20-JUN-17 11.56.56.813000000 AM','DD-MON-RR HH.MI.SSXFF AM'),15,'\shareit\images\sharedItems\darkChaired.jpg',61,'chair,home');
Insert into SHAREIT.T_ITEM (ID,NAME,DESCRIPTION,CATEGORY,IS_AVAILABLE,PUBLISH_DATE,POINTS,IMAGE_URL,USER_FROM,TAGS) values (39,'silex stick blender','Proctor Silex Stick Blender, basic stick blender for smoothies, soups, etc. Works great!',62,1,to_timestamp('20-JUN-17 11.58.12.839000000 AM','DD-MON-RR HH.MI.SSXFF AM'),15,'\shareit\images\sharedItems\proctor_blender.jpg',61,'kitchen,home,prize,good_condition');
Insert into SHAREIT.T_ITEM (ID,NAME,DESCRIPTION,CATEGORY,IS_AVAILABLE,PUBLISH_DATE,POINTS,IMAGE_URL,USER_FROM,TAGS) values (40,'Steam Mop','This thing is magical',62,1,to_timestamp('20-JUN-17 11.59.22.474000000 AM','DD-MON-RR HH.MI.SSXFF AM'),80,'\shareit\images\sharedItems\steam.jpg',61,'dust,clean,home');
Insert into SHAREIT.T_ITEM (ID,NAME,DESCRIPTION,CATEGORY,IS_AVAILABLE,PUBLISH_DATE,POINTS,IMAGE_URL,USER_FROM,TAGS) values (41,'Pyrex glassware',' I have a glass pie pan, 8 inch square pan and 13X9 pans',62,1,to_timestamp('20-JUN-17 12.00.40.102000000 PM','DD-MON-RR HH.MI.SSXFF AM'),40,'\shareit\images\sharedItems\pyrex.jpg',61,'home,kitchen,pyrex');
Insert into SHAREIT.T_ITEM (ID,NAME,DESCRIPTION,CATEGORY,IS_AVAILABLE,PUBLISH_DATE,POINTS,IMAGE_URL,USER_FROM,TAGS) values (42,'Fisher Price shape sorter','Shaped as a snail, encourages shape sorting and stacking, and makes music. Makes music.',63,1,to_timestamp('20-JUN-17 12.01.45.276000000 PM','DD-MON-RR HH.MI.SSXFF AM'),20,'\shareit\images\sharedItems\snailSorterjpg.jpg',61,'snail,kids,toys');
Insert into SHAREIT.T_ITEM (ID,NAME,DESCRIPTION,CATEGORY,IS_AVAILABLE,PUBLISH_DATE,POINTS,IMAGE_URL,USER_FROM,TAGS) values (43,'Tune Xylophone',' Little Tikes Tap A Tune Xylophone',63,1,to_timestamp('20-JUN-17 12.02.52.463000000 PM','DD-MON-RR HH.MI.SSXFF AM'),30,'\shareit\images\sharedItems\xyliphone.jpg',61,'xyliphone,kid,toys');
Insert into SHAREIT.T_ITEM (ID,NAME,DESCRIPTION,CATEGORY,IS_AVAILABLE,PUBLISH_DATE,POINTS,IMAGE_URL,USER_FROM,TAGS) values (44,'Maysaa''s Tricycle ','Pink tricycle and helmet',63,1,to_timestamp('20-JUN-17 12.04.31.938000000 PM','DD-MON-RR HH.MI.SSXFF AM'),60,'\shareit\images\sharedItems\tryciclejpg.jpg',61,'fun,kid,toy,bicycle');
Insert into SHAREIT.T_ITEM (ID,NAME,DESCRIPTION,CATEGORY,IS_AVAILABLE,PUBLISH_DATE,POINTS,IMAGE_URL,USER_FROM,TAGS) values (45,'Smart Support Hiking Backpack','the smarter way to carry your growing child. The height-adjustable seat supports your child as they grow, while the backpack supports you with its lightweight aluminum frame, generously padded shoulder straps, adjustable belt straps, and energy-absorbing lumbar padding. These extra supports reduce the strain on your back and shoulders and increase airflow keeping you cool and comfortable. Includes a zip-quick weather shield. It is freestanding, making loading and unloading your child virtually effortless. The SmartSupport Backpack''s flat-fold makes it easy to store and transport. Child needs to be able to sit up unassisted to use this product.  Child Weight Min: 1 lbs Child Weight Max: 40 lbs Product Weight: 8.2 pounds Product Dimensions (in inches):23.5 x 17.1 x 7.4',63,1,to_timestamp('20-JUN-17 12.09.49.107000000 PM','DD-MON-RR HH.MI.SSXFF AM'),100,'\shareit\images\sharedItems\Hiking-Backpack.jpg',61,'kid,kids,travel,baby_care');
Insert into SHAREIT.T_ITEM (ID,NAME,DESCRIPTION,CATEGORY,IS_AVAILABLE,PUBLISH_DATE,POINTS,IMAGE_URL,USER_FROM,TAGS) values (46,'Baby Gate','plastic baby gate',63,1,to_timestamp('20-JUN-17 12.14.00.299000000 PM','DD-MON-RR HH.MI.SSXFF AM'),20,'\shareit\images\sharedItems\babyCare.jpg',61,'kids,baby,care');
Insert into SHAREIT.T_ITEM (ID,NAME,DESCRIPTION,CATEGORY,IS_AVAILABLE,PUBLISH_DATE,POINTS,IMAGE_URL,USER_FROM,TAGS) values (47,'Toddlers DVD set','Mostly Dora, some Diego, my little ponies and strawberry shortcake.',63,1,to_timestamp('20-JUN-17 12.15.56.129000000 PM','DD-MON-RR HH.MI.SSXFF AM'),50,'\shareit\images\sharedItems\kidsDvds.jpg',61,'kid,cartoon,happy');
Insert into SHAREIT.T_ITEM (ID,NAME,DESCRIPTION,CATEGORY,IS_AVAILABLE,PUBLISH_DATE,POINTS,IMAGE_URL,USER_FROM,TAGS) values (48,'Nokia N95 8GB',' Like new Nokia N95 8GB, sitting in a drawer. I have the box and all the accessories. I have no use for this! Maybe you do. It takes good video, does 3G, international roaming, Wifi.  If you want a video / Wifi / music phone and don''t want an iPhone -- for instance, you want a real keyboard -- this might be the one for you.',64,1,to_timestamp('20-JUN-17 12.18.13.966000000 PM','DD-MON-RR HH.MI.SSXFF AM'),400,'\shareit\images\sharedItems\n95.jpg',61,'nokia,memories,phone,smart_phone');
Insert into SHAREIT.T_ITEM (ID,NAME,DESCRIPTION,CATEGORY,IS_AVAILABLE,PUBLISH_DATE,POINTS,IMAGE_URL,USER_FROM,TAGS) values (49,'Xbox 360','no games',64,1,to_timestamp('20-JUN-17 12.19.35.954000000 PM','DD-MON-RR HH.MI.SSXFF AM'),300,'\shareit\images\sharedItems\xbox.jpg',61,'xbox,fun,good_moments');
Insert into SHAREIT.T_ITEM (ID,NAME,DESCRIPTION,CATEGORY,IS_AVAILABLE,PUBLISH_DATE,POINTS,IMAGE_URL,USER_FROM,TAGS) values (50,'Yamaha Keyboard Piano','Yamaha keyborad Piano. PSR Model. Not digital. I bought it in 1998.',64,1,to_timestamp('20-JUN-17 12.37.29.761000000 PM','DD-MON-RR HH.MI.SSXFF AM'),300,'\shareit\images\sharedItems\keyboardPiano.gif',61,'piano,fun,hobbies');
Insert into SHAREIT.T_ITEM (ID,NAME,DESCRIPTION,CATEGORY,IS_AVAILABLE,PUBLISH_DATE,POINTS,IMAGE_URL,USER_FROM,TAGS) values (51,'Lumix Camera',' I bought this a year ago and took it to burning man and basically travel everywhere with it. I''ve also started to rent it out to other cinematographers who don''t want to buy one. All money from this gets put back into my filmmaking efforts.',64,1,to_timestamp('20-JUN-17 12.39.28.546000000 PM','DD-MON-RR HH.MI.SSXFF AM'),1000,'\shareit\images\sharedItems\lumix camera.jpg',61,'camera,hobbies,quality,memories');
Insert into SHAREIT.T_ITEM (ID,NAME,DESCRIPTION,CATEGORY,IS_AVAILABLE,PUBLISH_DATE,POINTS,IMAGE_URL,USER_FROM,TAGS) values (52,'wacom bamboo touch ',' finger-only tablet, great for desktop or laptop users, allows some gestures, if you want to buy, contact me.',64,1,to_timestamp('20-JUN-17 12.43.03.352000000 PM','DD-MON-RR HH.MI.SSXFF AM'),60,'\shareit\images\sharedItems\wacomTablet.jpg',61,'wacom,tablet');
Insert into SHAREIT.T_ITEM (ID,NAME,DESCRIPTION,CATEGORY,IS_AVAILABLE,PUBLISH_DATE,POINTS,IMAGE_URL,USER_FROM,TAGS) values (53,'Slide projectors - kodak carousel',' I have at least 2, maybe three kodak carousel slide projectors with wide angle and telephoto lenses. These are rated at roughly 350 lumens.',64,1,to_timestamp('20-JUN-17 12.44.12.348000000 PM','DD-MON-RR HH.MI.SSXFF AM'),100,'\shareit\images\sharedItems\kodakProjector.jpg',61,'kodak,projector');
Insert into SHAREIT.T_ITEM (ID,NAME,DESCRIPTION,CATEGORY,IS_AVAILABLE,PUBLISH_DATE,POINTS,IMAGE_URL,USER_FROM,TAGS) values (54,'Sony Blu-ray disc player','BDP-S370 Blu-ray Disc player features Blu-ray 3D playback, Wi-Fi Internet connectivity, and instant streaming of online video content from the BRAVIA Internet Video platform. When connected to a broadband Internet network, the BDP-S370 instantly streams movies, videos, music and more from YouTube, Yahoo!, Dailymotion, Wired, Sports Illustrated, Sony Pictures, and other providers through the Sony BRAVIA Internet Video platform. Sony''s Blu-ray Disc player BDP-S370 features an entertainment database browser',64,1,to_timestamp('20-JUN-17 12.46.36.239000000 PM','DD-MON-RR HH.MI.SSXFF AM'),235,'\shareit\images\sharedItems\sonyBluRay.jpg',61,'sony,blu-ray,good_condition');
Insert into SHAREIT.T_ITEM (ID,NAME,DESCRIPTION,CATEGORY,IS_AVAILABLE,PUBLISH_DATE,POINTS,IMAGE_URL,USER_FROM,TAGS) values (55,'Instant Polaroid Camera','nstant Photo Camera With its rounded shape, easy-to-hold side grip, and fingertip controllable composite control panel, the Instax 210 offers vivid, high-quality prints almost instantly. Its automatically-adjusting flash, high-resolution retracting lens and big clear viewfinder add up to unsurpassed performance.',64,1,to_timestamp('20-JUN-17 12.48.10.314000000 PM','DD-MON-RR HH.MI.SSXFF AM'),100,'\shareit\images\sharedItems\polaridCamera.jpg',61,'camera,pics,photos,memories');
Insert into SHAREIT.T_ITEM (ID,NAME,DESCRIPTION,CATEGORY,IS_AVAILABLE,PUBLISH_DATE,POINTS,IMAGE_URL,USER_FROM,TAGS) values (56,'TedwardHall''s Wii','Wii :)',64,1,to_timestamp('20-JUN-17 12.50.47.231000000 PM','DD-MON-RR HH.MI.SSXFF AM'),250,'\shareit\images\sharedItems\wii.jpg',61,'games,fun,timeKiller');
Insert into SHAREIT.T_ITEM (ID,NAME,DESCRIPTION,CATEGORY,IS_AVAILABLE,PUBLISH_DATE,POINTS,IMAGE_URL,USER_FROM,TAGS) values (57,'phillips''s DVD VHS player combo','palys dvds and vhs cassette tapes made by Zenith',64,1,to_timestamp('20-JUN-17 12.53.46.494000000 PM','DD-MON-RR HH.MI.SSXFF AM'),60,'\shareit\images\sharedItems\vhsPlayerCombo.jpg',61,'dvd,movies,electornics');
Insert into SHAREIT.T_ITEM (ID,NAME,DESCRIPTION,CATEGORY,IS_AVAILABLE,PUBLISH_DATE,POINTS,IMAGE_URL,USER_FROM,TAGS) values (58,'Batterij Toshiba PA3928U-1BRS',' http://www.caccu.nl/toshiba-pa3928u-1brs.html  This Toshiba PA3928U-1BRS batterij replacement maked with Hi-Quality battery cells, which is guaranteed to meet or exceed OEM specifications, Li-ion 14.40V and 47Wh capacity and is 100% compatible with the original equipment. All PA3928U-1BRS laptop batterij on sale have passed the stringent quality control tests that ensure they will work well with your model.',64,1,to_timestamp('20-JUN-17 12.56.34.117000000 PM','DD-MON-RR HH.MI.SSXFF AM'),50,'\shareit\images\sharedItems\toshibaBatery.gif',61,'toshiba,laptop,battery,good_condition');
Insert into SHAREIT.T_ITEM (ID,NAME,DESCRIPTION,CATEGORY,IS_AVAILABLE,PUBLISH_DATE,POINTS,IMAGE_URL,USER_FROM,TAGS) values (59,'expertise in tutoring ','Tutoring services in ELA and math for elementary school students.',65,1,to_timestamp('20-JUN-17 12.57.59.696000000 PM','DD-MON-RR HH.MI.SSXFF AM'),50,'\shareit\images\sharedItems\booksTutoring.jpg',61,'book,education,science');
Insert into SHAREIT.T_ITEM (ID,NAME,DESCRIPTION,CATEGORY,IS_AVAILABLE,PUBLISH_DATE,POINTS,IMAGE_URL,USER_FROM,TAGS) values (60,'large box of pencils','Only for use at TCS. a large copy paper box full of unopened pencils. To give not borrow.',65,1,to_timestamp('20-JUN-17 12.59.12.987000000 PM','DD-MON-RR HH.MI.SSXFF AM'),100,'\shareit\images\sharedItems\boxPencils.jpg',61,'student,education,pencil,write');
Insert into SHAREIT.T_ITEM (ID,NAME,DESCRIPTION,CATEGORY,IS_AVAILABLE,PUBLISH_DATE,POINTS,IMAGE_URL,USER_FROM,TAGS) values (61,'Dry erase markers',' 4 packs of colored dry erase markers. Office max and target brand. only for TCS school use. To give not borrow.',65,1,to_timestamp('20-JUN-17 01.02.08.073000000 PM','DD-MON-RR HH.MI.SSXFF AM'),30,'\shareit\images\sharedItems\erasers.jpg',61,'markers');
Insert into SHAREIT.T_ITEM (ID,NAME,DESCRIPTION,CATEGORY,IS_AVAILABLE,PUBLISH_DATE,POINTS,IMAGE_URL,USER_FROM,TAGS) values (62,'Bike wheel truing stand',' A stand to "true" bike tires. I also have the trueing tool if you need that too.',66,1,to_timestamp('20-JUN-17 01.03.30.638000000 PM','DD-MON-RR HH.MI.SSXFF AM'),40,'\shareit\images\sharedItems\bikeWheel.jpg',61,'bike,sports');
Insert into SHAREIT.T_ITEM (ID,NAME,DESCRIPTION,CATEGORY,IS_AVAILABLE,PUBLISH_DATE,POINTS,IMAGE_URL,USER_FROM,TAGS) values (86,'new Item','any thing',67,1,to_timestamp('20-JUN-17 04.46.51.995000000 PM','DD-MON-RR HH.MI.SSXFF AM'),100,'\shareit\images\sharedItems\xyliphone.jpg',61,'new,test');
Insert into SHAREIT.T_ITEM (ID,NAME,DESCRIPTION,CATEGORY,IS_AVAILABLE,PUBLISH_DATE,POINTS,IMAGE_URL,USER_FROM,TAGS) values (84,'Tennis raquette',' Tennis raquette Wilson',66,0,to_timestamp('20-JUN-17 04.01.52.277000000 PM','DD-MON-RR HH.MI.SSXFF AM'),175,'\shareit\images\sharedItems\tennisPoints.jpg',64,'sports,exercise');
Insert into SHAREIT.T_ITEM (ID,NAME,DESCRIPTION,CATEGORY,IS_AVAILABLE,PUBLISH_DATE,POINTS,IMAGE_URL,USER_FROM,TAGS) values (85,'aprillynn''s 2 person ALPS tent ','2 person tent - ALPS brand',66,1,to_timestamp('20-JUN-17 04.36.13.862000000 PM','DD-MON-RR HH.MI.SSXFF AM'),100,'\shareit\images\sharedItems\tent.jpg',13,'tent,camp,outdoor');

REM INSERTING into SHAREIT.T_ACTIVITY
SET DEFINE OFF;
Insert into SHAREIT.T_ACTIVITY (ID,ITEM,FROM_USER,TO_USER,MEETING_POINT,STATUS,TIME_FROM,TIME_TO,ACTIVITY_DELETED) values (42,33,13,61,'giza square',2,to_timestamp('20-JUN-17 03.27.03.538000000 PM','DD-MON-RR HH.MI.SSXFF AM'),to_timestamp('08-DEC-29 12.00.00.000000000 AM','DD-MON-RR HH.MI.SSXFF AM'),0);
Insert into SHAREIT.T_ACTIVITY (ID,ITEM,FROM_USER,TO_USER,MEETING_POINT,STATUS,TIME_FROM,TIME_TO,ACTIVITY_DELETED) values (-7,61,64,61,'maadi , giza',3,to_timestamp('20-JUN-17 04.03.57.318000000 PM','DD-MON-RR HH.MI.SSXFF AM'),to_timestamp('08-DEC-26 12.00.00.000000000 AM','DD-MON-RR HH.MI.SSXFF AM'),1);
Insert into SHAREIT.T_ACTIVITY (ID,ITEM,FROM_USER,TO_USER,MEETING_POINT,STATUS,TIME_FROM,TIME_TO,ACTIVITY_DELETED) values (-6,84,61,64,'masr el gdida - el t7awy',2,to_timestamp('20-JUN-17 04.47.55.642000000 PM','DD-MON-RR HH.MI.SSXFF AM'),to_timestamp('08-DEC-29 12.00.00.000000000 AM','DD-MON-RR HH.MI.SSXFF AM'),0);
REM INSERTING into SHAREIT.T_BORROW_STATE
SET DEFINE OFF;
Insert into SHAREIT.T_BORROW_STATE (ID,ACTIVITY,IS_BACK) values (1,42,0);
Insert into SHAREIT.T_BORROW_STATE (ID,ACTIVITY,IS_BACK) values (2,-6,0);
REM INSERTING into SHAREIT.T_NOTIFICATION
SET DEFINE OFF;
Insert into SHAREIT.T_NOTIFICATION (ID,ITEM,FROM_USER,TO_USER,POINTS_DEDUCTED,MEETING_POINT,DAYS,SEEN) values (-29,33,13,61,60,'giza square',-725933,0);
Insert into SHAREIT.T_NOTIFICATION (ID,ITEM,FROM_USER,TO_USER,POINTS_DEDUCTED,MEETING_POINT,DAYS,SEEN) values (-28,84,61,64,365,'masr el gdida - el t7awy',-725933,1);
REM INSERTING into SHAREIT.T_STATUS
SET DEFINE OFF;
Insert into SHAREIT.T_STATUS (ID,STATUS) values (1,'Pending');
Insert into SHAREIT.T_STATUS (ID,STATUS) values (2,'Accepted');
Insert into SHAREIT.T_STATUS (ID,STATUS) values (3,'Declined');

--------------------------------------------------------
--  DDL for Index T_CATEGORY_UK1
--------------------------------------------------------

  CREATE UNIQUE INDEX "SHAREIT"."T_CATEGORY_UK1" ON "SHAREIT"."T_CATEGORY" ("NAME") 
  PCTFREE 10 INITRANS 2 MAXTRANS 255 COMPUTE STATISTICS 
  STORAGE(INITIAL 65536 NEXT 1048576 MINEXTENTS 1 MAXEXTENTS 2147483645
  PCTINCREASE 0 FREELISTS 1 FREELIST GROUPS 1 BUFFER_POOL DEFAULT FLASH_CACHE DEFAULT CELL_FLASH_CACHE DEFAULT)
  TABLESPACE "SYSTEM" ;
--------------------------------------------------------
--  DDL for Index T_CATEGORY_PK
--------------------------------------------------------

  CREATE UNIQUE INDEX "SHAREIT"."T_CATEGORY_PK" ON "SHAREIT"."T_CATEGORY" ("ID") 
  PCTFREE 10 INITRANS 2 MAXTRANS 255 COMPUTE STATISTICS 
  STORAGE(INITIAL 65536 NEXT 1048576 MINEXTENTS 1 MAXEXTENTS 2147483645
  PCTINCREASE 0 FREELISTS 1 FREELIST GROUPS 1 BUFFER_POOL DEFAULT FLASH_CACHE DEFAULT CELL_FLASH_CACHE DEFAULT)
  TABLESPACE "SYSTEM" ;
--------------------------------------------------------
--  DDL for Index T_ADDRESS_PK
--------------------------------------------------------

  CREATE UNIQUE INDEX "SHAREIT"."T_ADDRESS_PK" ON "SHAREIT"."T_ADDRESS" ("ID") 
  PCTFREE 10 INITRANS 2 MAXTRANS 255 COMPUTE STATISTICS 
  STORAGE(INITIAL 65536 NEXT 1048576 MINEXTENTS 1 MAXEXTENTS 2147483645
  PCTINCREASE 0 FREELISTS 1 FREELIST GROUPS 1 BUFFER_POOL DEFAULT FLASH_CACHE DEFAULT CELL_FLASH_CACHE DEFAULT)
  TABLESPACE "SYSTEM" ;
--------------------------------------------------------
--  DDL for Index TABLE1_PK
--------------------------------------------------------

  CREATE UNIQUE INDEX "SHAREIT"."TABLE1_PK" ON "SHAREIT"."T_ITEM" ("ID") 
  PCTFREE 10 INITRANS 2 MAXTRANS 255 COMPUTE STATISTICS 
  STORAGE(INITIAL 65536 NEXT 1048576 MINEXTENTS 1 MAXEXTENTS 2147483645
  PCTINCREASE 0 FREELISTS 1 FREELIST GROUPS 1 BUFFER_POOL DEFAULT FLASH_CACHE DEFAULT CELL_FLASH_CACHE DEFAULT)
  TABLESPACE "SYSTEM" ;
--------------------------------------------------------
--  DDL for Index T_COUNTRY_UK1
--------------------------------------------------------

  CREATE UNIQUE INDEX "SHAREIT"."T_COUNTRY_UK1" ON "SHAREIT"."T_COUNTRY" ("COUNTRY") 
  PCTFREE 10 INITRANS 2 MAXTRANS 255 COMPUTE STATISTICS 
  STORAGE(INITIAL 65536 NEXT 1048576 MINEXTENTS 1 MAXEXTENTS 2147483645
  PCTINCREASE 0 FREELISTS 1 FREELIST GROUPS 1 BUFFER_POOL DEFAULT FLASH_CACHE DEFAULT CELL_FLASH_CACHE DEFAULT)
  TABLESPACE "SYSTEM" ;
--------------------------------------------------------
--  DDL for Index T_CITY_PK
--------------------------------------------------------

  CREATE UNIQUE INDEX "SHAREIT"."T_CITY_PK" ON "SHAREIT"."T_CITY" ("ID") 
  PCTFREE 10 INITRANS 2 MAXTRANS 255 COMPUTE STATISTICS 
  STORAGE(INITIAL 65536 NEXT 1048576 MINEXTENTS 1 MAXEXTENTS 2147483645
  PCTINCREASE 0 FREELISTS 1 FREELIST GROUPS 1 BUFFER_POOL DEFAULT FLASH_CACHE DEFAULT CELL_FLASH_CACHE DEFAULT)
  TABLESPACE "SYSTEM" ;
--------------------------------------------------------
--  DDL for Index T_STATE_PK
--------------------------------------------------------

  CREATE UNIQUE INDEX "SHAREIT"."T_STATE_PK" ON "SHAREIT"."T_STATE" ("ID") 
  PCTFREE 10 INITRANS 2 MAXTRANS 255 COMPUTE STATISTICS 
  STORAGE(INITIAL 65536 NEXT 1048576 MINEXTENTS 1 MAXEXTENTS 2147483645
  PCTINCREASE 0 FREELISTS 1 FREELIST GROUPS 1 BUFFER_POOL DEFAULT FLASH_CACHE DEFAULT CELL_FLASH_CACHE DEFAULT)
  TABLESPACE "SYSTEM" ;
--------------------------------------------------------
--  DDL for Index T_COUNTRY_PK
--------------------------------------------------------

  CREATE UNIQUE INDEX "SHAREIT"."T_COUNTRY_PK" ON "SHAREIT"."T_COUNTRY" ("ID") 
  PCTFREE 10 INITRANS 2 MAXTRANS 255 COMPUTE STATISTICS 
  STORAGE(INITIAL 65536 NEXT 1048576 MINEXTENTS 1 MAXEXTENTS 2147483645
  PCTINCREASE 0 FREELISTS 1 FREELIST GROUPS 1 BUFFER_POOL DEFAULT FLASH_CACHE DEFAULT CELL_FLASH_CACHE DEFAULT)
  TABLESPACE "SYSTEM" ;
--------------------------------------------------------
--  DDL for Index T_GENDER_UK1
--------------------------------------------------------

  CREATE UNIQUE INDEX "SHAREIT"."T_GENDER_UK1" ON "SHAREIT"."T_GENDER" ("GENDER") 
  PCTFREE 10 INITRANS 2 MAXTRANS 255 COMPUTE STATISTICS 
  STORAGE(INITIAL 65536 NEXT 1048576 MINEXTENTS 1 MAXEXTENTS 2147483645
  PCTINCREASE 0 FREELISTS 1 FREELIST GROUPS 1 BUFFER_POOL DEFAULT FLASH_CACHE DEFAULT CELL_FLASH_CACHE DEFAULT)
  TABLESPACE "SYSTEM" ;
--------------------------------------------------------
--  DDL for Index T_STATUS_PK
--------------------------------------------------------

  CREATE UNIQUE INDEX "SHAREIT"."T_STATUS_PK" ON "SHAREIT"."T_STATUS" ("ID") 
  PCTFREE 10 INITRANS 2 MAXTRANS 255 COMPUTE STATISTICS 
  STORAGE(INITIAL 65536 NEXT 1048576 MINEXTENTS 1 MAXEXTENTS 2147483645
  PCTINCREASE 0 FREELISTS 1 FREELIST GROUPS 1 BUFFER_POOL DEFAULT FLASH_CACHE DEFAULT CELL_FLASH_CACHE DEFAULT)
  TABLESPACE "SYSTEM" ;
--------------------------------------------------------
--  DDL for Index T_NOTIFICATION_PK
--------------------------------------------------------

  CREATE UNIQUE INDEX "SHAREIT"."T_NOTIFICATION_PK" ON "SHAREIT"."T_NOTIFICATION" ("ID") 
  PCTFREE 10 INITRANS 2 MAXTRANS 255 COMPUTE STATISTICS 
  STORAGE(INITIAL 65536 NEXT 1048576 MINEXTENTS 1 MAXEXTENTS 2147483645
  PCTINCREASE 0 FREELISTS 1 FREELIST GROUPS 1 BUFFER_POOL DEFAULT FLASH_CACHE DEFAULT CELL_FLASH_CACHE DEFAULT)
  TABLESPACE "SYSTEM" ;
--------------------------------------------------------
--  DDL for Index T_ADDRESS_UK1
--------------------------------------------------------

  CREATE UNIQUE INDEX "SHAREIT"."T_ADDRESS_UK1" ON "SHAREIT"."T_ADDRESS" ("COUNTRY", "CITY", "STATE") 
  PCTFREE 10 INITRANS 2 MAXTRANS 255 COMPUTE STATISTICS 
  STORAGE(INITIAL 65536 NEXT 1048576 MINEXTENTS 1 MAXEXTENTS 2147483645
  PCTINCREASE 0 FREELISTS 1 FREELIST GROUPS 1 BUFFER_POOL DEFAULT FLASH_CACHE DEFAULT CELL_FLASH_CACHE DEFAULT)
  TABLESPACE "SYSTEM" ;
--------------------------------------------------------
--  DDL for Index T_CITY_UK1
--------------------------------------------------------

  CREATE UNIQUE INDEX "SHAREIT"."T_CITY_UK1" ON "SHAREIT"."T_CITY" ("CITY") 
  PCTFREE 10 INITRANS 2 MAXTRANS 255 COMPUTE STATISTICS 
  STORAGE(INITIAL 65536 NEXT 1048576 MINEXTENTS 1 MAXEXTENTS 2147483645
  PCTINCREASE 0 FREELISTS 1 FREELIST GROUPS 1 BUFFER_POOL DEFAULT FLASH_CACHE DEFAULT CELL_FLASH_CACHE DEFAULT)
  TABLESPACE "SYSTEM" ;
--------------------------------------------------------
--  DDL for Index T_ACTIVITY_PK
--------------------------------------------------------

  CREATE UNIQUE INDEX "SHAREIT"."T_ACTIVITY_PK" ON "SHAREIT"."T_ACTIVITY" ("ID") 
  PCTFREE 10 INITRANS 2 MAXTRANS 255 COMPUTE STATISTICS 
  STORAGE(INITIAL 65536 NEXT 1048576 MINEXTENTS 1 MAXEXTENTS 2147483645
  PCTINCREASE 0 FREELISTS 1 FREELIST GROUPS 1 BUFFER_POOL DEFAULT FLASH_CACHE DEFAULT CELL_FLASH_CACHE DEFAULT)
  TABLESPACE "SYSTEM" ;
--------------------------------------------------------
--  DDL for Index T_USER_PK
--------------------------------------------------------

  CREATE UNIQUE INDEX "SHAREIT"."T_USER_PK" ON "SHAREIT"."T_USER" ("ID") 
  PCTFREE 10 INITRANS 2 MAXTRANS 255 COMPUTE STATISTICS 
  STORAGE(INITIAL 65536 NEXT 1048576 MINEXTENTS 1 MAXEXTENTS 2147483645
  PCTINCREASE 0 FREELISTS 1 FREELIST GROUPS 1 BUFFER_POOL DEFAULT FLASH_CACHE DEFAULT CELL_FLASH_CACHE DEFAULT)
  TABLESPACE "SYSTEM" ;
--------------------------------------------------------
--  DDL for Index T_GENDER_PK
--------------------------------------------------------

  CREATE UNIQUE INDEX "SHAREIT"."T_GENDER_PK" ON "SHAREIT"."T_GENDER" ("ID") 
  PCTFREE 10 INITRANS 2 MAXTRANS 255 COMPUTE STATISTICS 
  STORAGE(INITIAL 65536 NEXT 1048576 MINEXTENTS 1 MAXEXTENTS 2147483645
  PCTINCREASE 0 FREELISTS 1 FREELIST GROUPS 1 BUFFER_POOL DEFAULT FLASH_CACHE DEFAULT CELL_FLASH_CACHE DEFAULT)
  TABLESPACE "SYSTEM" ;
--------------------------------------------------------
--  DDL for Index T_USER_UK1
--------------------------------------------------------

  CREATE UNIQUE INDEX "SHAREIT"."T_USER_UK1" ON "SHAREIT"."T_USER" ("EMAIL") 
  PCTFREE 10 INITRANS 2 MAXTRANS 255 COMPUTE STATISTICS 
  STORAGE(INITIAL 65536 NEXT 1048576 MINEXTENTS 1 MAXEXTENTS 2147483645
  PCTINCREASE 0 FREELISTS 1 FREELIST GROUPS 1 BUFFER_POOL DEFAULT FLASH_CACHE DEFAULT CELL_FLASH_CACHE DEFAULT)
  TABLESPACE "SYSTEM" ;
--------------------------------------------------------
--  DDL for Index T_BORROW_STATE_PK
--------------------------------------------------------

  CREATE UNIQUE INDEX "SHAREIT"."T_BORROW_STATE_PK" ON "SHAREIT"."T_BORROW_STATE" ("ID") 
  PCTFREE 10 INITRANS 2 MAXTRANS 255 COMPUTE STATISTICS 
  STORAGE(INITIAL 65536 NEXT 1048576 MINEXTENTS 1 MAXEXTENTS 2147483645
  PCTINCREASE 0 FREELISTS 1 FREELIST GROUPS 1 BUFFER_POOL DEFAULT FLASH_CACHE DEFAULT CELL_FLASH_CACHE DEFAULT)
  TABLESPACE "SYSTEM" ;
--------------------------------------------------------
--  DDL for Index T_STATE_UK1
--------------------------------------------------------

  CREATE UNIQUE INDEX "SHAREIT"."T_STATE_UK1" ON "SHAREIT"."T_STATE" ("STATE") 
  PCTFREE 10 INITRANS 2 MAXTRANS 255 COMPUTE STATISTICS 
  STORAGE(INITIAL 65536 NEXT 1048576 MINEXTENTS 1 MAXEXTENTS 2147483645
  PCTINCREASE 0 FREELISTS 1 FREELIST GROUPS 1 BUFFER_POOL DEFAULT FLASH_CACHE DEFAULT CELL_FLASH_CACHE DEFAULT)
  TABLESPACE "SYSTEM" ;
--------------------------------------------------------
--  DDL for Trigger T_ACTIVITY_TRG
--------------------------------------------------------

  CREATE OR REPLACE TRIGGER "SHAREIT"."T_ACTIVITY_TRG" 
BEFORE INSERT ON "SHAREIT"."T_ACTIVITY" 
FOR EACH ROW 
BEGIN
  <<COLUMN_SEQUENCES>>
  BEGIN
    IF INSERTING AND :NEW.ID IS NULL THEN
      SELECT T_ACTIVITY_SEQ.NEXTVAL INTO :NEW.ID FROM SYS.DUAL;
    END IF;
  END COLUMN_SEQUENCES;
END;
/
ALTER TRIGGER "SHAREIT"."T_ACTIVITY_TRG" ENABLE;
--------------------------------------------------------
--  DDL for Trigger T_ADDRESS_TRG
--------------------------------------------------------

  CREATE OR REPLACE TRIGGER "SHAREIT"."T_ADDRESS_TRG" 
BEFORE INSERT ON "SHAREIT"."T_ADDRESS"
FOR EACH ROW 
BEGIN
  <<COLUMN_SEQUENCES>>
  BEGIN
    IF INSERTING AND :NEW.ID IS NULL THEN
      SELECT T_ADDRESS_SEQ.NEXTVAL INTO :NEW.ID FROM SYS.DUAL;
    END IF;
  END COLUMN_SEQUENCES;
END;
/
ALTER TRIGGER "SHAREIT"."T_ADDRESS_TRG" ENABLE;
--------------------------------------------------------
--  DDL for Trigger T_BORROW_STATE_TRG
--------------------------------------------------------

  CREATE OR REPLACE TRIGGER "SHAREIT"."T_BORROW_STATE_TRG" 
BEFORE INSERT ON "SHAREIT"."T_BORROW_STATE" 
FOR EACH ROW 
BEGIN
  <<COLUMN_SEQUENCES>>
  BEGIN
    IF INSERTING AND :NEW.ID IS NULL THEN
      SELECT T_BORROW_STATE_SEQ.NEXTVAL INTO :NEW.ID FROM SYS.DUAL;
    END IF;
  END COLUMN_SEQUENCES;
END;
/
ALTER TRIGGER "SHAREIT"."T_BORROW_STATE_TRG" ENABLE;
--------------------------------------------------------
--  DDL for Trigger T_CATEGORY_TRG
--------------------------------------------------------

  CREATE OR REPLACE TRIGGER "SHAREIT"."T_CATEGORY_TRG" 
BEFORE INSERT ON "SHAREIT"."T_CATEGORY"
FOR EACH ROW 
BEGIN
  <<COLUMN_SEQUENCES>>
  BEGIN
    IF INSERTING AND :NEW.ID IS NULL THEN
      SELECT T_CATEGORY_SEQ.NEXTVAL INTO :NEW.ID FROM SYS.DUAL;
    END IF;
  END COLUMN_SEQUENCES;
END;
/
ALTER TRIGGER "SHAREIT"."T_CATEGORY_TRG" ENABLE;
--------------------------------------------------------
--  DDL for Trigger T_CITY_TRG
--------------------------------------------------------

  CREATE OR REPLACE TRIGGER "SHAREIT"."T_CITY_TRG" 
BEFORE INSERT ON "SHAREIT"."T_CITY"
FOR EACH ROW 
BEGIN
  <<COLUMN_SEQUENCES>>
  BEGIN
    IF INSERTING AND :NEW.ID IS NULL THEN
      SELECT T_CITY_SEQ.NEXTVAL INTO :NEW.ID FROM SYS.DUAL;
    END IF;
  END COLUMN_SEQUENCES;
END;
/
ALTER TRIGGER "SHAREIT"."T_CITY_TRG" ENABLE;
--------------------------------------------------------
--  DDL for Trigger T_COUNTRY_TRG
--------------------------------------------------------

  CREATE OR REPLACE TRIGGER "SHAREIT"."T_COUNTRY_TRG" 
BEFORE INSERT ON "SHAREIT"."T_COUNTRY"
FOR EACH ROW 
BEGIN
  <<COLUMN_SEQUENCES>>
  BEGIN
    IF INSERTING AND :NEW.ID IS NULL THEN
      SELECT T_COUNTRY_SEQ.NEXTVAL INTO :NEW.ID FROM SYS.DUAL;
    END IF;
  END COLUMN_SEQUENCES;
END;
/
ALTER TRIGGER "SHAREIT"."T_COUNTRY_TRG" ENABLE;
--------------------------------------------------------
--  DDL for Trigger T_GENDER_TRG
--------------------------------------------------------

  CREATE OR REPLACE TRIGGER "SHAREIT"."T_GENDER_TRG" 
BEFORE INSERT ON "SHAREIT"."T_GENDER"
FOR EACH ROW 
BEGIN
  <<COLUMN_SEQUENCES>>
  BEGIN
    IF INSERTING AND :NEW.ID IS NULL THEN
      SELECT T_GENDER_SEQ.NEXTVAL INTO :NEW.ID FROM SYS.DUAL;
    END IF;
  END COLUMN_SEQUENCES;
END;
/
ALTER TRIGGER "SHAREIT"."T_GENDER_TRG" ENABLE;
--------------------------------------------------------
--  DDL for Trigger T_ITEM_TRG
--------------------------------------------------------

  CREATE OR REPLACE TRIGGER "SHAREIT"."T_ITEM_TRG" 
BEFORE INSERT ON "SHAREIT"."T_ITEM"
FOR EACH ROW 
BEGIN
  <<COLUMN_SEQUENCES>>
  BEGIN
    IF INSERTING AND :NEW.ID IS NULL THEN
      SELECT T_ITEM_SEQ.NEXTVAL INTO :NEW.ID FROM SYS.DUAL;
    END IF;
  END COLUMN_SEQUENCES;
END;
/
ALTER TRIGGER "SHAREIT"."T_ITEM_TRG" ENABLE;
--------------------------------------------------------
--  DDL for Trigger T_NOTIFICATION_TRG
--------------------------------------------------------

  CREATE OR REPLACE TRIGGER "SHAREIT"."T_NOTIFICATION_TRG" 
BEFORE INSERT ON "SHAREIT"."T_NOTIFICATION" 
FOR EACH ROW 
BEGIN
  <<COLUMN_SEQUENCES>>
  BEGIN
    IF INSERTING AND :NEW.ID IS NULL THEN
      SELECT T_NOTIFICATION_SEQ.NEXTVAL INTO :NEW.ID FROM SYS.DUAL;
    END IF;
  END COLUMN_SEQUENCES;
END;
/
ALTER TRIGGER "SHAREIT"."T_NOTIFICATION_TRG" ENABLE;
--------------------------------------------------------
--  DDL for Trigger T_STATE_TRG
--------------------------------------------------------

  CREATE OR REPLACE TRIGGER "SHAREIT"."T_STATE_TRG" 
BEFORE INSERT ON "SHAREIT"."T_STATE"
FOR EACH ROW 
BEGIN
  <<COLUMN_SEQUENCES>>
  BEGIN
    IF INSERTING AND :NEW.ID IS NULL THEN
      SELECT T_STATE_SEQ.NEXTVAL INTO :NEW.ID FROM SYS.DUAL;
    END IF;
  END COLUMN_SEQUENCES;
END;
/
ALTER TRIGGER "SHAREIT"."T_STATE_TRG" ENABLE;
--------------------------------------------------------
--  DDL for Trigger T_STATUS_TRG
--------------------------------------------------------

  CREATE OR REPLACE TRIGGER "SHAREIT"."T_STATUS_TRG" 
BEFORE INSERT ON "SHAREIT"."T_STATUS" 
FOR EACH ROW 
BEGIN
  <<COLUMN_SEQUENCES>>
  BEGIN
    IF INSERTING AND :NEW.ID IS NULL THEN
      SELECT T_STATUS_SEQ.NEXTVAL INTO :NEW.ID FROM SYS.DUAL;
    END IF;
  END COLUMN_SEQUENCES;
END;
/
ALTER TRIGGER "SHAREIT"."T_STATUS_TRG" ENABLE;
--------------------------------------------------------
--  DDL for Trigger T_USER_TRG
--------------------------------------------------------

  CREATE OR REPLACE TRIGGER "SHAREIT"."T_USER_TRG" 
BEFORE INSERT ON "SHAREIT"."T_USER"
FOR EACH ROW 
BEGIN
  <<COLUMN_SEQUENCES>>
  BEGIN
    IF INSERTING AND :NEW.ID IS NULL THEN
      SELECT T_USER_SEQ.NEXTVAL INTO :NEW.ID FROM SYS.DUAL;
    END IF;
  END COLUMN_SEQUENCES;
END;
/
ALTER TRIGGER "SHAREIT"."T_USER_TRG" ENABLE;
--------------------------------------------------------
--  Constraints for Table T_COUNTRY
--------------------------------------------------------

  ALTER TABLE "SHAREIT"."T_COUNTRY" ADD CONSTRAINT "T_COUNTRY_UK1" UNIQUE ("COUNTRY")
  USING INDEX PCTFREE 10 INITRANS 2 MAXTRANS 255 COMPUTE STATISTICS 
  STORAGE(INITIAL 65536 NEXT 1048576 MINEXTENTS 1 MAXEXTENTS 2147483645
  PCTINCREASE 0 FREELISTS 1 FREELIST GROUPS 1 BUFFER_POOL DEFAULT FLASH_CACHE DEFAULT CELL_FLASH_CACHE DEFAULT)
  TABLESPACE "SYSTEM"  ENABLE;
  ALTER TABLE "SHAREIT"."T_COUNTRY" MODIFY ("COUNTRY" NOT NULL ENABLE);
  ALTER TABLE "SHAREIT"."T_COUNTRY" ADD CONSTRAINT "T_COUNTRY_PK" PRIMARY KEY ("ID")
  USING INDEX PCTFREE 10 INITRANS 2 MAXTRANS 255 COMPUTE STATISTICS 
  STORAGE(INITIAL 65536 NEXT 1048576 MINEXTENTS 1 MAXEXTENTS 2147483645
  PCTINCREASE 0 FREELISTS 1 FREELIST GROUPS 1 BUFFER_POOL DEFAULT FLASH_CACHE DEFAULT CELL_FLASH_CACHE DEFAULT)
  TABLESPACE "SYSTEM"  ENABLE;
  ALTER TABLE "SHAREIT"."T_COUNTRY" MODIFY ("ID" NOT NULL ENABLE);
--------------------------------------------------------
--  Constraints for Table T_ADDRESS
--------------------------------------------------------

  ALTER TABLE "SHAREIT"."T_ADDRESS" ADD CONSTRAINT "T_ADDRESS_UK1" UNIQUE ("COUNTRY", "CITY", "STATE")
  USING INDEX PCTFREE 10 INITRANS 2 MAXTRANS 255 COMPUTE STATISTICS 
  STORAGE(INITIAL 65536 NEXT 1048576 MINEXTENTS 1 MAXEXTENTS 2147483645
  PCTINCREASE 0 FREELISTS 1 FREELIST GROUPS 1 BUFFER_POOL DEFAULT FLASH_CACHE DEFAULT CELL_FLASH_CACHE DEFAULT)
  TABLESPACE "SYSTEM"  ENABLE;
  ALTER TABLE "SHAREIT"."T_ADDRESS" ADD CONSTRAINT "T_ADDRESS_PK" PRIMARY KEY ("ID")
  USING INDEX PCTFREE 10 INITRANS 2 MAXTRANS 255 COMPUTE STATISTICS 
  STORAGE(INITIAL 65536 NEXT 1048576 MINEXTENTS 1 MAXEXTENTS 2147483645
  PCTINCREASE 0 FREELISTS 1 FREELIST GROUPS 1 BUFFER_POOL DEFAULT FLASH_CACHE DEFAULT CELL_FLASH_CACHE DEFAULT)
  TABLESPACE "SYSTEM"  ENABLE;
  ALTER TABLE "SHAREIT"."T_ADDRESS" MODIFY ("CITY" NOT NULL ENABLE);
  ALTER TABLE "SHAREIT"."T_ADDRESS" MODIFY ("COUNTRY" NOT NULL ENABLE);
  ALTER TABLE "SHAREIT"."T_ADDRESS" MODIFY ("ID" NOT NULL ENABLE);
--------------------------------------------------------
--  Constraints for Table T_ACTIVITY
--------------------------------------------------------

  ALTER TABLE "SHAREIT"."T_ACTIVITY" MODIFY ("ID" NOT NULL ENABLE);
  ALTER TABLE "SHAREIT"."T_ACTIVITY" MODIFY ("ITEM" NOT NULL ENABLE);
  ALTER TABLE "SHAREIT"."T_ACTIVITY" MODIFY ("FROM_USER" NOT NULL ENABLE);
  ALTER TABLE "SHAREIT"."T_ACTIVITY" MODIFY ("TO_USER" NOT NULL ENABLE);
  ALTER TABLE "SHAREIT"."T_ACTIVITY" MODIFY ("MEETING_POINT" NOT NULL ENABLE);
  ALTER TABLE "SHAREIT"."T_ACTIVITY" MODIFY ("STATUS" NOT NULL ENABLE);
  ALTER TABLE "SHAREIT"."T_ACTIVITY" MODIFY ("TIME_FROM" NOT NULL ENABLE);
  ALTER TABLE "SHAREIT"."T_ACTIVITY" MODIFY ("TIME_TO" NOT NULL ENABLE);
  ALTER TABLE "SHAREIT"."T_ACTIVITY" MODIFY ("ACTIVITY_DELETED" NOT NULL ENABLE);
  ALTER TABLE "SHAREIT"."T_ACTIVITY" ADD CONSTRAINT "T_ACTIVITY_PK" PRIMARY KEY ("ID")
  USING INDEX PCTFREE 10 INITRANS 2 MAXTRANS 255 COMPUTE STATISTICS 
  STORAGE(INITIAL 65536 NEXT 1048576 MINEXTENTS 1 MAXEXTENTS 2147483645
  PCTINCREASE 0 FREELISTS 1 FREELIST GROUPS 1 BUFFER_POOL DEFAULT FLASH_CACHE DEFAULT CELL_FLASH_CACHE DEFAULT)
  TABLESPACE "SYSTEM"  ENABLE;
--------------------------------------------------------
--  Constraints for Table T_NOTIFICATION
--------------------------------------------------------

  ALTER TABLE "SHAREIT"."T_NOTIFICATION" MODIFY ("MEETING_POINT" NOT NULL ENABLE);
  ALTER TABLE "SHAREIT"."T_NOTIFICATION" MODIFY ("POINTS_DEDUCTED" NOT NULL ENABLE);
  ALTER TABLE "SHAREIT"."T_NOTIFICATION" MODIFY ("TO_USER" NOT NULL ENABLE);
  ALTER TABLE "SHAREIT"."T_NOTIFICATION" MODIFY ("FROM_USER" NOT NULL ENABLE);
  ALTER TABLE "SHAREIT"."T_NOTIFICATION" MODIFY ("ITEM" NOT NULL ENABLE);
  ALTER TABLE "SHAREIT"."T_NOTIFICATION" ADD CONSTRAINT "T_NOTIFICATION_PK" PRIMARY KEY ("ID")
  USING INDEX PCTFREE 10 INITRANS 2 MAXTRANS 255 COMPUTE STATISTICS 
  STORAGE(INITIAL 65536 NEXT 1048576 MINEXTENTS 1 MAXEXTENTS 2147483645
  PCTINCREASE 0 FREELISTS 1 FREELIST GROUPS 1 BUFFER_POOL DEFAULT FLASH_CACHE DEFAULT CELL_FLASH_CACHE DEFAULT)
  TABLESPACE "SYSTEM"  ENABLE;
  ALTER TABLE "SHAREIT"."T_NOTIFICATION" MODIFY ("ID" NOT NULL ENABLE);
  ALTER TABLE "SHAREIT"."T_NOTIFICATION" MODIFY ("SEEN" NOT NULL ENABLE);
  ALTER TABLE "SHAREIT"."T_NOTIFICATION" MODIFY ("DAYS" NOT NULL ENABLE);
--------------------------------------------------------
--  Constraints for Table T_USER
--------------------------------------------------------

  ALTER TABLE "SHAREIT"."T_USER" MODIFY ("GENDER" NOT NULL ENABLE);
  ALTER TABLE "SHAREIT"."T_USER" ADD CONSTRAINT "T_USER_UK1" UNIQUE ("EMAIL")
  USING INDEX PCTFREE 10 INITRANS 2 MAXTRANS 255 COMPUTE STATISTICS 
  STORAGE(INITIAL 65536 NEXT 1048576 MINEXTENTS 1 MAXEXTENTS 2147483645
  PCTINCREASE 0 FREELISTS 1 FREELIST GROUPS 1 BUFFER_POOL DEFAULT FLASH_CACHE DEFAULT CELL_FLASH_CACHE DEFAULT)
  TABLESPACE "SYSTEM"  ENABLE;
  ALTER TABLE "SHAREIT"."T_USER" ADD CONSTRAINT "T_USER_PK" PRIMARY KEY ("ID")
  USING INDEX PCTFREE 10 INITRANS 2 MAXTRANS 255 COMPUTE STATISTICS 
  STORAGE(INITIAL 65536 NEXT 1048576 MINEXTENTS 1 MAXEXTENTS 2147483645
  PCTINCREASE 0 FREELISTS 1 FREELIST GROUPS 1 BUFFER_POOL DEFAULT FLASH_CACHE DEFAULT CELL_FLASH_CACHE DEFAULT)
  TABLESPACE "SYSTEM"  ENABLE;
  ALTER TABLE "SHAREIT"."T_USER" MODIFY ("POINTS" NOT NULL ENABLE);
  ALTER TABLE "SHAREIT"."T_USER" MODIFY ("PASSWORD" NOT NULL ENABLE);
  ALTER TABLE "SHAREIT"."T_USER" MODIFY ("EMAIL" NOT NULL ENABLE);
  ALTER TABLE "SHAREIT"."T_USER" MODIFY ("USERNAME" NOT NULL ENABLE);
  ALTER TABLE "SHAREIT"."T_USER" MODIFY ("ID" NOT NULL ENABLE);
--------------------------------------------------------
--  Constraints for Table T_BORROW_STATE
--------------------------------------------------------

  ALTER TABLE "SHAREIT"."T_BORROW_STATE" ADD CONSTRAINT "T_BORROW_STATE_PK" PRIMARY KEY ("ID")
  USING INDEX PCTFREE 10 INITRANS 2 MAXTRANS 255 COMPUTE STATISTICS 
  STORAGE(INITIAL 65536 NEXT 1048576 MINEXTENTS 1 MAXEXTENTS 2147483645
  PCTINCREASE 0 FREELISTS 1 FREELIST GROUPS 1 BUFFER_POOL DEFAULT FLASH_CACHE DEFAULT CELL_FLASH_CACHE DEFAULT)
  TABLESPACE "SYSTEM"  ENABLE;
  ALTER TABLE "SHAREIT"."T_BORROW_STATE" MODIFY ("IS_BACK" NOT NULL ENABLE);
  ALTER TABLE "SHAREIT"."T_BORROW_STATE" MODIFY ("ACTIVITY" NOT NULL ENABLE);
  ALTER TABLE "SHAREIT"."T_BORROW_STATE" MODIFY ("ID" NOT NULL ENABLE);
--------------------------------------------------------
--  Constraints for Table T_STATE
--------------------------------------------------------

  ALTER TABLE "SHAREIT"."T_STATE" ADD CONSTRAINT "T_STATE_UK1" UNIQUE ("STATE")
  USING INDEX PCTFREE 10 INITRANS 2 MAXTRANS 255 COMPUTE STATISTICS 
  STORAGE(INITIAL 65536 NEXT 1048576 MINEXTENTS 1 MAXEXTENTS 2147483645
  PCTINCREASE 0 FREELISTS 1 FREELIST GROUPS 1 BUFFER_POOL DEFAULT FLASH_CACHE DEFAULT CELL_FLASH_CACHE DEFAULT)
  TABLESPACE "SYSTEM"  ENABLE;
  ALTER TABLE "SHAREIT"."T_STATE" MODIFY ("STATE" NOT NULL ENABLE);
  ALTER TABLE "SHAREIT"."T_STATE" ADD CONSTRAINT "T_STATE_PK" PRIMARY KEY ("ID")
  USING INDEX PCTFREE 10 INITRANS 2 MAXTRANS 255 COMPUTE STATISTICS 
  STORAGE(INITIAL 65536 NEXT 1048576 MINEXTENTS 1 MAXEXTENTS 2147483645
  PCTINCREASE 0 FREELISTS 1 FREELIST GROUPS 1 BUFFER_POOL DEFAULT FLASH_CACHE DEFAULT CELL_FLASH_CACHE DEFAULT)
  TABLESPACE "SYSTEM"  ENABLE;
  ALTER TABLE "SHAREIT"."T_STATE" MODIFY ("ID" NOT NULL ENABLE);
--------------------------------------------------------
--  Constraints for Table T_ITEM
--------------------------------------------------------

  ALTER TABLE "SHAREIT"."T_ITEM" ADD CONSTRAINT "TABLE1_PK" PRIMARY KEY ("ID")
  USING INDEX PCTFREE 10 INITRANS 2 MAXTRANS 255 COMPUTE STATISTICS 
  STORAGE(INITIAL 65536 NEXT 1048576 MINEXTENTS 1 MAXEXTENTS 2147483645
  PCTINCREASE 0 FREELISTS 1 FREELIST GROUPS 1 BUFFER_POOL DEFAULT FLASH_CACHE DEFAULT CELL_FLASH_CACHE DEFAULT)
  TABLESPACE "SYSTEM"  ENABLE;
  ALTER TABLE "SHAREIT"."T_ITEM" MODIFY ("PUBLISH_DATE" NOT NULL ENABLE);
  ALTER TABLE "SHAREIT"."T_ITEM" MODIFY ("IS_AVAILABLE" NOT NULL ENABLE);
  ALTER TABLE "SHAREIT"."T_ITEM" MODIFY ("CATEGORY" NOT NULL ENABLE);
  ALTER TABLE "SHAREIT"."T_ITEM" MODIFY ("NAME" NOT NULL ENABLE);
  ALTER TABLE "SHAREIT"."T_ITEM" MODIFY ("ID" NOT NULL ENABLE);
  ALTER TABLE "SHAREIT"."T_ITEM" MODIFY ("POINTS" NOT NULL ENABLE);
  ALTER TABLE "SHAREIT"."T_ITEM" MODIFY ("TAGS" NOT NULL ENABLE);
  ALTER TABLE "SHAREIT"."T_ITEM" MODIFY ("USER_FROM" NOT NULL ENABLE);
--------------------------------------------------------
--  Constraints for Table T_GENDER
--------------------------------------------------------

  ALTER TABLE "SHAREIT"."T_GENDER" ADD CONSTRAINT "T_GENDER_UK1" UNIQUE ("GENDER")
  USING INDEX PCTFREE 10 INITRANS 2 MAXTRANS 255 COMPUTE STATISTICS 
  STORAGE(INITIAL 65536 NEXT 1048576 MINEXTENTS 1 MAXEXTENTS 2147483645
  PCTINCREASE 0 FREELISTS 1 FREELIST GROUPS 1 BUFFER_POOL DEFAULT FLASH_CACHE DEFAULT CELL_FLASH_CACHE DEFAULT)
  TABLESPACE "SYSTEM"  ENABLE;
  ALTER TABLE "SHAREIT"."T_GENDER" MODIFY ("GENDER" NOT NULL ENABLE);
  ALTER TABLE "SHAREIT"."T_GENDER" ADD CONSTRAINT "T_GENDER_PK" PRIMARY KEY ("ID")
  USING INDEX PCTFREE 10 INITRANS 2 MAXTRANS 255 COMPUTE STATISTICS 
  STORAGE(INITIAL 65536 NEXT 1048576 MINEXTENTS 1 MAXEXTENTS 2147483645
  PCTINCREASE 0 FREELISTS 1 FREELIST GROUPS 1 BUFFER_POOL DEFAULT FLASH_CACHE DEFAULT CELL_FLASH_CACHE DEFAULT)
  TABLESPACE "SYSTEM"  ENABLE;
  ALTER TABLE "SHAREIT"."T_GENDER" MODIFY ("ID" NOT NULL ENABLE);
--------------------------------------------------------
--  Constraints for Table T_STATUS
--------------------------------------------------------

  ALTER TABLE "SHAREIT"."T_STATUS" MODIFY ("ID" NOT NULL ENABLE);
  ALTER TABLE "SHAREIT"."T_STATUS" MODIFY ("STATUS" NOT NULL ENABLE);
  ALTER TABLE "SHAREIT"."T_STATUS" ADD CONSTRAINT "T_STATUS_PK" PRIMARY KEY ("ID")
  USING INDEX PCTFREE 10 INITRANS 2 MAXTRANS 255 COMPUTE STATISTICS 
  STORAGE(INITIAL 65536 NEXT 1048576 MINEXTENTS 1 MAXEXTENTS 2147483645
  PCTINCREASE 0 FREELISTS 1 FREELIST GROUPS 1 BUFFER_POOL DEFAULT FLASH_CACHE DEFAULT CELL_FLASH_CACHE DEFAULT)
  TABLESPACE "SYSTEM"  ENABLE;
--------------------------------------------------------
--  Constraints for Table T_CATEGORY
--------------------------------------------------------

  ALTER TABLE "SHAREIT"."T_CATEGORY" MODIFY ("MAX_POINTS" NOT NULL ENABLE);
  ALTER TABLE "SHAREIT"."T_CATEGORY" ADD CONSTRAINT "T_CATEGORY_UK1" UNIQUE ("NAME")
  USING INDEX PCTFREE 10 INITRANS 2 MAXTRANS 255 COMPUTE STATISTICS 
  STORAGE(INITIAL 65536 NEXT 1048576 MINEXTENTS 1 MAXEXTENTS 2147483645
  PCTINCREASE 0 FREELISTS 1 FREELIST GROUPS 1 BUFFER_POOL DEFAULT FLASH_CACHE DEFAULT CELL_FLASH_CACHE DEFAULT)
  TABLESPACE "SYSTEM"  ENABLE;
  ALTER TABLE "SHAREIT"."T_CATEGORY" ADD CONSTRAINT "T_CATEGORY_PK" PRIMARY KEY ("ID")
  USING INDEX PCTFREE 10 INITRANS 2 MAXTRANS 255 COMPUTE STATISTICS 
  STORAGE(INITIAL 65536 NEXT 1048576 MINEXTENTS 1 MAXEXTENTS 2147483645
  PCTINCREASE 0 FREELISTS 1 FREELIST GROUPS 1 BUFFER_POOL DEFAULT FLASH_CACHE DEFAULT CELL_FLASH_CACHE DEFAULT)
  TABLESPACE "SYSTEM"  ENABLE;
  ALTER TABLE "SHAREIT"."T_CATEGORY" MODIFY ("NAME" NOT NULL ENABLE);
  ALTER TABLE "SHAREIT"."T_CATEGORY" MODIFY ("ID" NOT NULL ENABLE);
--------------------------------------------------------
--  Constraints for Table T_CITY
--------------------------------------------------------

  ALTER TABLE "SHAREIT"."T_CITY" ADD CONSTRAINT "T_CITY_UK1" UNIQUE ("CITY")
  USING INDEX PCTFREE 10 INITRANS 2 MAXTRANS 255 COMPUTE STATISTICS 
  STORAGE(INITIAL 65536 NEXT 1048576 MINEXTENTS 1 MAXEXTENTS 2147483645
  PCTINCREASE 0 FREELISTS 1 FREELIST GROUPS 1 BUFFER_POOL DEFAULT FLASH_CACHE DEFAULT CELL_FLASH_CACHE DEFAULT)
  TABLESPACE "SYSTEM"  ENABLE;
  ALTER TABLE "SHAREIT"."T_CITY" MODIFY ("CITY" NOT NULL ENABLE);
  ALTER TABLE "SHAREIT"."T_CITY" ADD CONSTRAINT "T_CITY_PK" PRIMARY KEY ("ID")
  USING INDEX PCTFREE 10 INITRANS 2 MAXTRANS 255 COMPUTE STATISTICS 
  STORAGE(INITIAL 65536 NEXT 1048576 MINEXTENTS 1 MAXEXTENTS 2147483645
  PCTINCREASE 0 FREELISTS 1 FREELIST GROUPS 1 BUFFER_POOL DEFAULT FLASH_CACHE DEFAULT CELL_FLASH_CACHE DEFAULT)
  TABLESPACE "SYSTEM"  ENABLE;
  ALTER TABLE "SHAREIT"."T_CITY" MODIFY ("ID" NOT NULL ENABLE);
--------------------------------------------------------
--  Ref Constraints for Table T_ACTIVITY
--------------------------------------------------------

  ALTER TABLE "SHAREIT"."T_ACTIVITY" ADD CONSTRAINT "T_ACTIVITY_FK1" FOREIGN KEY ("ITEM")
	  REFERENCES "SHAREIT"."T_ITEM" ("ID") ON DELETE CASCADE ENABLE;
  ALTER TABLE "SHAREIT"."T_ACTIVITY" ADD CONSTRAINT "T_ACTIVITY_FK2" FOREIGN KEY ("FROM_USER")
	  REFERENCES "SHAREIT"."T_USER" ("ID") ON DELETE CASCADE ENABLE;
  ALTER TABLE "SHAREIT"."T_ACTIVITY" ADD CONSTRAINT "T_ACTIVITY_FK3" FOREIGN KEY ("TO_USER")
	  REFERENCES "SHAREIT"."T_USER" ("ID") ON DELETE CASCADE ENABLE;
  ALTER TABLE "SHAREIT"."T_ACTIVITY" ADD CONSTRAINT "T_ACTIVITY_FK4" FOREIGN KEY ("STATUS")
	  REFERENCES "SHAREIT"."T_STATUS" ("ID") ON DELETE CASCADE ENABLE;
--------------------------------------------------------
--  Ref Constraints for Table T_ADDRESS
--------------------------------------------------------

  ALTER TABLE "SHAREIT"."T_ADDRESS" ADD CONSTRAINT "T_ADDRESS_FK2" FOREIGN KEY ("COUNTRY")
	  REFERENCES "SHAREIT"."T_COUNTRY" ("ID") ON DELETE CASCADE ENABLE;
  ALTER TABLE "SHAREIT"."T_ADDRESS" ADD CONSTRAINT "T_ADDRESS_FK3" FOREIGN KEY ("CITY")
	  REFERENCES "SHAREIT"."T_CITY" ("ID") ON DELETE CASCADE ENABLE;
  ALTER TABLE "SHAREIT"."T_ADDRESS" ADD CONSTRAINT "T_ADDRESS_FK4" FOREIGN KEY ("STATE")
	  REFERENCES "SHAREIT"."T_STATE" ("ID") ON DELETE CASCADE ENABLE;
--------------------------------------------------------
--  Ref Constraints for Table T_BORROW_STATE
--------------------------------------------------------

  ALTER TABLE "SHAREIT"."T_BORROW_STATE" ADD CONSTRAINT "T_BORROW_STATE_FK1" FOREIGN KEY ("ACTIVITY")
	  REFERENCES "SHAREIT"."T_ACTIVITY" ("ID") ON DELETE CASCADE ENABLE;
--------------------------------------------------------
--  Ref Constraints for Table T_ITEM
--------------------------------------------------------

  ALTER TABLE "SHAREIT"."T_ITEM" ADD CONSTRAINT "TABLE1_FK1" FOREIGN KEY ("CATEGORY")
	  REFERENCES "SHAREIT"."T_CATEGORY" ("ID") ON DELETE CASCADE ENABLE;
  ALTER TABLE "SHAREIT"."T_ITEM" ADD CONSTRAINT "T_ITEM_FK1" FOREIGN KEY ("USER_FROM")
	  REFERENCES "SHAREIT"."T_USER" ("ID") ON DELETE CASCADE ENABLE;
--------------------------------------------------------
--  Ref Constraints for Table T_NOTIFICATION
--------------------------------------------------------

  ALTER TABLE "SHAREIT"."T_NOTIFICATION" ADD CONSTRAINT "T_NOTIFICATION_FK1" FOREIGN KEY ("FROM_USER")
	  REFERENCES "SHAREIT"."T_USER" ("ID") ON DELETE CASCADE ENABLE;
  ALTER TABLE "SHAREIT"."T_NOTIFICATION" ADD CONSTRAINT "T_NOTIFICATION_FK2" FOREIGN KEY ("TO_USER")
	  REFERENCES "SHAREIT"."T_USER" ("ID") ON DELETE CASCADE ENABLE;
  ALTER TABLE "SHAREIT"."T_NOTIFICATION" ADD CONSTRAINT "T_NOTIFICATION_FK3" FOREIGN KEY ("ITEM")
	  REFERENCES "SHAREIT"."T_ITEM" ("ID") ON DELETE CASCADE ENABLE;
--------------------------------------------------------
--  Ref Constraints for Table T_USER
--------------------------------------------------------

  ALTER TABLE "SHAREIT"."T_USER" ADD CONSTRAINT "T_USER_FK1" FOREIGN KEY ("GENDER")
	  REFERENCES "SHAREIT"."T_GENDER" ("ID") ON DELETE CASCADE ENABLE;
  ALTER TABLE "SHAREIT"."T_USER" ADD CONSTRAINT "T_USER_FK2" FOREIGN KEY ("ADDRESS")
	  REFERENCES "SHAREIT"."T_ADDRESS" ("ID") ON DELETE CASCADE ENABLE;
